award_id,display_award_id,recipient_name,recipient_country_code,awarding_agency_name,awarding_sub_agency,funding_agency_name,award_description,total_obligated_amount,period_of_performance_start_date,period_of_performance_current_end_date,naics_code,product_or_service_code,pop_country_code,ingest_window_start,ingest_window_end
CONT_AWD_0001,W9113M-0001,Lockheed Martin Corp.,USA,Department of Defense,Department of the Army,Department of Defense,Hypersonic glide vehicle thermal protection system development and flight test instrumentation,12000000.0,2024-08-15,2027-12-31,336414,AC13,USA,2024-08-01,2024-08-28
CONT_AWD_0002,W9113M-0002,Raytheon Co.,USA,Department of Defense,Department of the Army,Department of Defense,Scramjet propulsion test article fabrication and ground demonstration for high-speed strike weapon prototype,15000000.0,2025-02-10,2027-12-31,336414,AC13,USA,2025-02-01,2025-02-28
CONT_AWD_0003,W9113M-0003,Lockheed Martin Corp.,USA,Department of Defense,Department of the Army,Department of Defense,Hypersonic glide vehicle thermal protection system development and flight test instrumentation,45000000.0,2025-06-20,2027-12-31,336414,AC13,USA,2025-06-01,2025-06-28
CONT_AWD_0004,W9113M-0004,Raytheon Co.,USA,Department of Defense,Department of the Army,Department of Defense,Scramjet propulsion test article fabrication and ground demonstration for high-speed strike weapon prototype,50000000.0,2025-08-05,2027-12-31,336414,AC13,USA,2025-08-01,2025-08-28
CONT_AWD_0005,W9113M-0005,Northrop Grumman Corp.,USA,Department of Defense,Department of the Army,Department of Defense,Boost-glide hypersonic weapon system integration engineering and manufacturing development,55000000.0,2025-09-18,2027-12-31,336414,AC13,USA,2025-09-01,2025-09-28
CONT_AWD_0006,W9113M-0006,Lockheed Martin Corp.,USA,Department of Defense,Department of the Army,Department of Defense,Mach 5+ aeroshell materials qualification testing and prototype demonstration support,60000000.0,2025-11-02,2027-12-31,336414,AC13,USA,2025-11-01,2025-11-28
CONT_AWD_0007,W9113M-0007,Raytheon Co.,USA,Department of Defense,Department of the Army,Department of Defense,Hypersonic glide vehicle thermal protection system development and flight test instrumentation,65000000.0,2025-12-15,2027-12-31,336414,AC13,USA,2025-12-01,2025-12-28
CONT_AWD_0008,W9113M-0008,Northrop Grumman Corp.,USA,Department of Defense,Department of the Army,Department of Defense,Scramjet propulsion test article fabrication and ground demonstration for high-speed strike weapon prototype,70000000.0,2026-02-01,2027-12-31,336414,AC13,USA,2026-02-01,2026-02-28
CONT_AWD_0009,W9113M-0009,Lockheed Martin Corp.,USA,Department of Defense,Department of the Army,Department of Defense,Boost-glide hypersonic weapon system integration engineering and manufacturing development,75000000.0,2026-03-22,2027-12-31,336414,AC13,USA,2026-03-01,2026-03-28
CONT_AWD_0010,W9113M-0010,Raytheon Co.,USA,Department of Defense,Department of the Army,Department of Defense,Mach 5+ aeroshell materials qualification testing and prototype demonstration support,80000000.0,2026-05-10,2027-12-31,336414,AC13,USA,2026-05-01,2026-05-28
CONT_AWD_0011,W9113M-0011,Leidos Inc.,USA,Department of Defense,Department of the Army,Department of Defense,Cybersecurity operations support including zero trust architecture implementation and security operations center staffing,3000000.0,2025-03-12,2027-12-31,541512,AC13,USA,2025-03-01,2025-03-28
CONT_AWD_0012,W9113M-0012,Leidos Inc.,USA,Department of Defense,Department of the Army,Department of Defense,Biosurveillance and medical countermeasure research for biological threat agents,3000000.0,2025-04-12,2027-12-31,541714,AC13,USA,2025-04-01,2025-04-28
CONT_AWD_0013,W9113M-0013,Leidos Inc.,USA,Department of Defense,Department of the Army,Department of Defense,Janitorial and grounds maintenance services for installation buildings,3000000.0,2025-05-12,2027-12-31,561720,AC13,USA,2025-05-01,2025-05-28
CONT_AWD_0014,W9113M-0014,Leidos Inc.,USA,Department of Defense,Department of the Army,Department of Defense,Unmanned aircraft system counter-UAS radar integration and electronic warfare countermeasures development,3000000.0,2025-06-12,2027-12-31,334511,AC13,USA,2025-06-01,2025-06-28
CONT_AWD_0015,W9113M-0015,Aviacon Zitotrans JSC,USA,Department of Defense,Department of the Army,Department of Defense,Air charter and heavy cargo transportation services for contingency logistics,8000000.0,2025-07-30,2027-12-31,481212,AC13,USA,2025-07-01,2025-07-28
