code,code_type,description,capability_domains,label_confidence
336414,NAICS,Guided Missile and Space Vehicle Manufacturing,missile_defense|hypersonics|space_systems,0.9
336415,NAICS,Guided Missile/Space Vehicle Propulsion Unit Manufacturing,hypersonics|missile_defense,0.9
336411,NAICS,Aircraft Manufacturing,isr_platforms|autonomous_systems_air,0.7
336412,NAICS,Aircraft Engine and Engine Parts Manufacturing,isr_platforms,0.6
336413,NAICS,Other Aircraft Parts and Auxiliary Equipment,isr_platforms,0.5
336611,NAICS,Ship Building and Repairing,naval_surface|submarine,0.8
334511,NAICS,"Search, Detection, Navigation, Guidance Instruments",electronic_warfare|isr_platforms|missile_defense,0.8
334220,NAICS,Radio/TV Broadcast and Wireless Comms Equipment,electronic_warfare|isr_platforms,0.5
334413,NAICS,Semiconductor and Related Device Manufacturing,electronic_warfare|cyber_defense,0.5
332993,NAICS,Ammunition (except Small Arms) Manufacturing,conventional_ground_forces,0.9
332992,NAICS,Small Arms Ammunition Manufacturing,conventional_ground_forces,0.9
332994,NAICS,"Small Arms, Ordnance, Ordnance Accessories Manufacturing",conventional_ground_forces,0.9
325920,NAICS,Explosives Manufacturing,conventional_ground_forces|missile_defense,0.8
336992,NAICS,"Military Armored Vehicle, Tank, Tank Component Manufacturing",conventional_ground_forces,0.9
541715,NAICS,R&D in Physical Engineering and Life Sciences,dual_use_research,0.4
541714,NAICS,R&D in Biotechnology (except Nano),biodefense|dual_use_research,0.6
541713,NAICS,R&D in Nanotechnology,dual_use_research,0.5
541512,NAICS,Computer Systems Design Services,cyber_defense,0.4
541511,NAICS,Custom Computer Programming Services,cyber_defense,0.3
517410,NAICS,Satellite Telecommunications,space_systems,0.6
927110,NAICS,Space Research and Technology,space_systems,0.8
325180,NAICS,Other Basic Inorganic Chemical Manufacturing,dual_use_research,0.3
AC13,PSC,National Defense R&D Services - Missile/Space - Development,hypersonics|missile_defense|space_systems,0.7
AC12,PSC,National Defense R&D Services - Missile/Space - Applied Research,hypersonics|missile_defense|space_systems,0.7
AC23,PSC,National Defense R&D - Ships - Development,naval_surface|submarine,0.7
AC33,PSC,National Defense R&D - Aircraft - Development,autonomous_systems_air|isr_platforms,0.6
1410,PSC,Guided Missiles,missile_defense,0.9
1415,PSC,Guided Missile Handling and Servicing Equipment,missile_defense,0.8
1336,PSC,Guided Missile Warheads and Explosive Components,missile_defense,0.9
1905,PSC,Combat Ships and Landing Vessels,naval_surface,0.9
1940,PSC,Small Craft,naval_surface,0.5
1510,PSC,Aircraft Fixed Wing,isr_platforms,0.7
1550,PSC,Unmanned Aircraft,autonomous_systems_air,0.95
5810,PSC,Communications Security Equipment,cyber_defense|electronic_warfare,0.8
5865,PSC,Electronic Countermeasures and Quick Reaction Capability,electronic_warfare,0.95
5840,PSC,"Radar Equipment, Airborne",isr_platforms|electronic_warfare,0.8
6350,PSC,"Miscellaneous Alarm, Signal, Security Detection Systems",isr_platforms,0.4
AN11,PSC,Medical R&D - Basic Research,biodefense,0.5
6505,PSC,Drugs and Biologicals,biodefense,0.4
1045,PSC,Torpedo Maintenance Repair and Checkout Equipment,submarine,0.8
2350,PSC,"Combat, Assault, Tactical Vehicles - Tracked",conventional_ground_forces,0.9
2355,PSC,"Combat, Assault, Tactical Vehicles - Wheeled",conventional_ground_forces,0.9
1005,PSC,"Guns, through 30 mm",conventional_ground_forces,0.8
1305,PSC,"Ammunition, through 30 mm",conventional_ground_forces,0.8
1376,PSC,Bulk Explosives,conventional_ground_forces,0.8
R425,PSC,Engineering and Technical Services,dual_use_research,0.2
