event_id_cnty,event_date,year,event_type,sub_event_type,country,admin1,location,latitude,longitude,actor1,actor2,fatalities,notes,source
ETH00000,2025-01-01,2025,Battles,Armed clash,Ethiopia,Amhara,Sample,12.513378279978712,35.86083404490098,Military Forces of Ethiopia,Militia,13,sample event,sample
MMR00000,2025-01-01,2025,Battles,Armed clash,Myanmar,Sagaing,Sample,22.0,95.0,Military Forces of Myanmar,PDF,6,sample event,sample
ETH00001,2025-01-04,2025,Battles,Armed clash,Ethiopia,Amhara,Sample,12.259125012090534,37.59281462499919,Military Forces of Ethiopia,Militia,18,sample event,sample
ETH00002,2025-01-07,2025,Battles,Armed clash,Ethiopia,Amhara,Sample,11.615871879575883,37.14188527775376,Military Forces of Ethiopia,Militia,11,sample event,sample
ETH00003,2025-01-10,2025,Battles,Armed clash,Ethiopia,Amhara,Sample,11.81605343066887,37.221580321298326,Military Forces of Ethiopia,Militia,7,sample event,sample
ETH00004,2025-01-13,2025,Battles,Armed clash,Ethiopia,Amhara,Sample,11.959720339092664,37.752157996931,Military Forces of Ethiopia,Militia,6,sample event,sample
MMR00004,2025-01-13,2025,Battles,Armed clash,Myanmar,Sagaing,Sample,22.0,95.0,Military Forces of Myanmar,PDF,4,sample event,sample
ETH00005,2025-01-16,2025,Battles,Armed clash,Ethiopia,Amhara,Sample,10.696604805206734,38.23960373374423,Military Forces of Ethiopia,Militia,7,sample event,sample
ETH00006,2025-01-19,2025,Battles,Armed clash,Ethiopia,Amhara,Sample,12.268638715247706,37.60873279690359,Military Forces of Ethiopia,Militia,18,sample event,sample
ETH00007,2025-01-22,2025,Battles,Armed clash,Ethiopia,Amhara,Sample,12.368554988064082,37.55914921967645,Military Forces of Ethiopia,Militia,16,sample event,sample
ETH00008,2025-01-25,2025,Battles,Armed clash,Ethiopia,Amhara,Sample,11.124938239195012,38.0293090714945,Military Forces of Ethiopia,Militia,1,sample event,sample
MMR00008,2025-01-25,2025,Battles,Armed clash,Myanmar,Sagaing,Sample,22.0,95.0,Military Forces of Myanmar,PDF,7,sample event,sample
ETH00009,2025-01-28,2025,Battles,Armed clash,Ethiopia,Amhara,Sample,12.132438234605122,37.51181607082439,Military Forces of Ethiopia,Militia,7,sample event,sample
ETH00010,2025-01-31,2025,Battles,Armed clash,Ethiopia,Amhara,Sample,11.197219977660282,37.22859999242878,Military Forces of Ethiopia,Militia,14,sample event,sample
ETH00011,2025-02-03,2025,Battles,Armed clash,Ethiopia,Amhara,Sample,12.045419723122944,37.268934268517576,Military Forces of Ethiopia,Militia,2,sample event,sample
ETH00012,2025-02-06,2025,Battles,Armed clash,Ethiopia,Amhara,Sample,11.936998620942644,36.67506303176212,Military Forces of Ethiopia,Militia,6,sample event,sample
MMR00012,2025-02-06,2025,Battles,Armed clash,Myanmar,Sagaing,Sample,22.0,95.0,Military Forces of Myanmar,PDF,3,sample event,sample
ETH00013,2025-02-09,2025,Battles,Armed clash,Ethiopia,Amhara,Sample,11.971632605118806,37.51797487069028,Military Forces of Ethiopia,Militia,11,sample event,sample
ETH00014,2025-02-12,2025,Battles,Armed clash,Ethiopia,Amhara,Sample,11.736203955232398,37.06103494188996,Military Forces of Ethiopia,Militia,11,sample event,sample
ETH00015,2025-02-15,2025,Battles,Armed clash,Ethiopia,Amhara,Sample,12.306230184202219,37.3816143785277,Military Forces of Ethiopia,Militia,12,sample event,sample
ETH00016,2025-02-18,2025,Battles,Armed clash,Ethiopia,Amhara,Sample,11.53704840351813,37.91427771367714,Military Forces of Ethiopia,Militia,12,sample event,sample
MMR00016,2025-02-18,2025,Battles,Armed clash,Myanmar,Sagaing,Sample,22.0,95.0,Military Forces of Myanmar,PDF,8,sample event,sample
ETH00017,2025-02-21,2025,Battles,Armed clash,Ethiopia,Amhara,Sample,11.774211497779529,38.220001941055365,Military Forces of Ethiopia,Militia,7,sample event,sample
ETH00018,2025-02-24,2025,Battles,Armed clash,Ethiopia,Amhara,Sample,11.432916961390974,37.1040700082296,Military Forces of Ethiopia,Militia,12,sample event,sample
ETH00019,2025-02-27,2025,Battles,Armed clash,Ethiopia,Amhara,Sample,11.288799864646672,37.07773368174993,Military Forces of Ethiopia,Militia,12,sample event,sample
ETH00020,2025-03-02,2025,Battles,Armed clash,Ethiopia,Amhara,Sample,12.181047886025343,37.687175744281085,Military Forces of Ethiopia,Militia,0,sample event,sample
MMR00020,2025-03-02,2025,Battles,Armed clash,Myanmar,Sagaing,Sample,22.0,95.0,Military Forces of Myanmar,PDF,3,sample event,sample
ETH00021,2025-03-05,2025,Battles,Armed clash,Ethiopia,Amhara,Sample,11.06325525968426,36.79624441013658,Military Forces of Ethiopia,Militia,6,sample event,sample
ETH00022,2025-03-08,2025,Battles,Armed clash,Ethiopia,Amhara,Sample,12.508771616851314,37.246300723117045,Military Forces of Ethiopia,Militia,5,sample event,sample
ETH00023,2025-03-11,2025,Battles,Armed clash,Ethiopia,Amhara,Sample,11.94941137241947,37.43458586471975,Military Forces of Ethiopia,Militia,9,sample event,sample
ETH00024,2025-03-14,2025,Battles,Armed clash,Ethiopia,Amhara,Sample,11.256662943960473,37.39924776648104,Military Forces of Ethiopia,Militia,11,sample event,sample
MMR00024,2025-03-14,2025,Battles,Armed clash,Myanmar,Sagaing,Sample,22.0,95.0,Military Forces of Myanmar,PDF,0,sample event,sample
ETH00025,2025-03-17,2025,Battles,Armed clash,Ethiopia,Amhara,Sample,10.794887834494737,37.94228027942591,Military Forces of Ethiopia,Militia,13,sample event,sample
ETH00026,2025-03-20,2025,Battles,Armed clash,Ethiopia,Amhara,Sample,11.346671641220437,36.88989804779139,Military Forces of Ethiopia,Militia,8,sample event,sample
ETH00027,2025-03-23,2025,Battles,Armed clash,Ethiopia,Amhara,Sample,11.0031738547794,37.229951504696885,Military Forces of Ethiopia,Militia,17,sample event,sample
ETH00028,2025-03-26,2025,Battles,Armed clash,Ethiopia,Amhara,Sample,11.666035921753267,37.983144218177394,Military Forces of Ethiopia,Militia,7,sample event,sample
MMR00028,2025-03-26,2025,Battles,Armed clash,Myanmar,Sagaing,Sample,22.0,95.0,Military Forces of Myanmar,PDF,7,sample event,sample
ETH00029,2025-03-29,2025,Battles,Armed clash,Ethiopia,Amhara,Sample,12.292915246499648,36.73203122138887,Military Forces of Ethiopia,Militia,7,sample event,sample
ETH00030,2025-04-01,2025,Battles,Armed clash,Ethiopia,Amhara,Sample,11.521550749727282,37.54099058968268,Military Forces of Ethiopia,Militia,16,sample event,sample
ETH00031,2025-04-04,2025,Battles,Armed clash,Ethiopia,Amhara,Sample,11.942763501789933,36.651166700740966,Military Forces of Ethiopia,Militia,7,sample event,sample
ETH00032,2025-04-07,2025,Battles,Armed clash,Ethiopia,Amhara,Sample,11.153178292258492,36.94047648501855,Military Forces of Ethiopia,Militia,19,sample event,sample
MMR00032,2025-04-07,2025,Battles,Armed clash,Myanmar,Sagaing,Sample,22.0,95.0,Military Forces of Myanmar,PDF,2,sample event,sample
ETH00033,2025-04-10,2025,Battles,Armed clash,Ethiopia,Amhara,Sample,11.718197587454982,37.042393883960635,Military Forces of Ethiopia,Militia,13,sample event,sample
ETH00034,2025-04-13,2025,Battles,Armed clash,Ethiopia,Amhara,Sample,11.776851619270674,37.46371385905209,Military Forces of Ethiopia,Militia,8,sample event,sample
ETH00035,2025-04-16,2025,Battles,Armed clash,Ethiopia,Amhara,Sample,12.168858458287776,36.934150057430415,Military Forces of Ethiopia,Militia,5,sample event,sample
ETH00036,2025-04-19,2025,Battles,Armed clash,Ethiopia,Amhara,Sample,11.041696976389732,38.0672732061103,Military Forces of Ethiopia,Militia,7,sample event,sample
MMR00036,2025-04-19,2025,Battles,Armed clash,Myanmar,Sagaing,Sample,22.0,95.0,Military Forces of Myanmar,PDF,2,sample event,sample
ETH00037,2025-04-22,2025,Battles,Armed clash,Ethiopia,Amhara,Sample,11.39046329983602,38.64982357095602,Military Forces of Ethiopia,Militia,8,sample event,sample
ETH00038,2025-04-25,2025,Battles,Armed clash,Ethiopia,Amhara,Sample,12.025010298868734,37.63259091323975,Military Forces of Ethiopia,Militia,8,sample event,sample
ETH00039,2025-04-28,2025,Battles,Armed clash,Ethiopia,Amhara,Sample,11.253647524325778,37.23285237978791,Military Forces of Ethiopia,Militia,7,sample event,sample
ETH00040,2025-05-01,2025,Battles,Armed clash,Ethiopia,Amhara,Sample,10.495361912523645,38.69506608264982,Military Forces of Ethiopia,Militia,13,sample event,sample
MMR00040,2025-05-01,2025,Battles,Armed clash,Myanmar,Sagaing,Sample,22.0,95.0,Military Forces of Myanmar,PDF,6,sample event,sample
ETH00041,2025-05-04,2025,Battles,Armed clash,Ethiopia,Amhara,Sample,11.498325430802721,37.005177809135574,Military Forces of Ethiopia,Militia,13,sample event,sample
ETH00042,2025-05-07,2025,Battles,Armed clash,Ethiopia,Amhara,Sample,11.506572007267355,37.63963627954061,Military Forces of Ethiopia,Militia,2,sample event,sample
ETH00043,2025-05-10,2025,Battles,Armed clash,Ethiopia,Amhara,Sample,11.78923826837874,38.4001505800835,Military Forces of Ethiopia,Militia,7,sample event,sample
ETH00044,2025-05-13,2025,Battles,Armed clash,Ethiopia,Amhara,Sample,11.999977474315125,37.41766681855525,Military Forces of Ethiopia,Militia,14,sample event,sample
MMR00044,2025-05-13,2025,Battles,Armed clash,Myanmar,Sagaing,Sample,22.0,95.0,Military Forces of Myanmar,PDF,9,sample event,sample
ETH00045,2025-05-16,2025,Battles,Armed clash,Ethiopia,Amhara,Sample,11.63082318556418,37.12020728498922,Military Forces of Ethiopia,Militia,10,sample event,sample
ETH00046,2025-05-19,2025,Battles,Armed clash,Ethiopia,Amhara,Sample,11.620884514726123,37.09104834718494,Military Forces of Ethiopia,Militia,11,sample event,sample
ETH00047,2025-05-22,2025,Battles,Armed clash,Ethiopia,Amhara,Sample,11.816161430938095,36.95548669760893,Military Forces of Ethiopia,Militia,8,sample event,sample
ETH00048,2025-05-25,2025,Battles,Armed clash,Ethiopia,Amhara,Sample,13.060569753828947,37.808417243627225,Military Forces of Ethiopia,Militia,9,sample event,sample
MMR00048,2025-05-25,2025,Battles,Armed clash,Myanmar,Sagaing,Sample,22.0,95.0,Military Forces of Myanmar,PDF,13,sample event,sample
ETH00049,2025-05-28,2025,Battles,Armed clash,Ethiopia,Amhara,Sample,11.372298400701796,36.16157294039127,Military Forces of Ethiopia,Militia,0,sample event,sample
ETH00050,2025-05-31,2025,Battles,Armed clash,Ethiopia,Amhara,Sample,10.840244493104848,37.53002752712502,Military Forces of Ethiopia,Militia,13,sample event,sample
ETH00051,2025-06-03,2025,Battles,Armed clash,Ethiopia,Amhara,Sample,10.514904880665556,37.95862186046821,Military Forces of Ethiopia,Militia,2,sample event,sample
ETH00052,2025-06-06,2025,Battles,Armed clash,Ethiopia,Amhara,Sample,11.728217424114307,37.631959801087035,Military Forces of Ethiopia,Militia,11,sample event,sample
MMR00052,2025-06-06,2025,Battles,Armed clash,Myanmar,Sagaing,Sample,22.0,95.0,Military Forces of Myanmar,PDF,6,sample event,sample
ETH00053,2025-06-09,2025,Battles,Armed clash,Ethiopia,Amhara,Sample,11.685497756971268,36.830089925025725,Military Forces of Ethiopia,Militia,10,sample event,sample
ETH00054,2025-06-12,2025,Battles,Armed clash,Ethiopia,Amhara,Sample,12.08982618237959,37.86311131538238,Military Forces of Ethiopia,Militia,22,sample event,sample
ETH00055,2025-06-15,2025,Battles,Armed clash,Ethiopia,Amhara,Sample,12.141616270970056,37.76321367797509,Military Forces of Ethiopia,Militia,17,sample event,sample
ETH00056,2025-06-18,2025,Battles,Armed clash,Ethiopia,Amhara,Sample,11.720568819294295,36.75506139010355,Military Forces of Ethiopia,Militia,0,sample event,sample
MMR00056,2025-06-18,2025,Battles,Armed clash,Myanmar,Sagaing,Sample,22.0,95.0,Military Forces of Myanmar,PDF,9,sample event,sample
ETH00057,2025-06-21,2025,Battles,Armed clash,Ethiopia,Amhara,Sample,11.884015674494968,37.823648477186104,Military Forces of Ethiopia,Militia,7,sample event,sample
ETH00058,2025-06-24,2025,Battles,Armed clash,Ethiopia,Amhara,Sample,11.772414698083733,38.341190801546595,Military Forces of Ethiopia,Militia,10,sample event,sample
ETH00059,2025-06-27,2025,Battles,Armed clash,Ethiopia,Amhara,Sample,11.042240661866096,37.184275142182656,Military Forces of Ethiopia,Militia,15,sample event,sample
ETH00060,2025-06-30,2025,Battles,Armed clash,Ethiopia,Amhara,Sample,11.05501946785653,36.10928526999044,Military Forces of Ethiopia,Militia,0,sample event,sample
MMR00060,2025-06-30,2025,Battles,Armed clash,Myanmar,Sagaing,Sample,22.0,95.0,Military Forces of Myanmar,PDF,1,sample event,sample
ETH00061,2025-07-03,2025,Battles,Armed clash,Ethiopia,Amhara,Sample,11.999696764246625,37.44423160046367,Military Forces of Ethiopia,Militia,5,sample event,sample
ETH00062,2025-07-06,2025,Battles,Armed clash,Ethiopia,Amhara,Sample,10.957431735290783,37.34300534593347,Military Forces of Ethiopia,Militia,8,sample event,sample
ETH00063,2025-07-09,2025,Battles,Armed clash,Ethiopia,Amhara,Sample,11.318036527974355,37.2773729269738,Military Forces of Ethiopia,Militia,5,sample event,sample
ETH00064,2025-07-12,2025,Battles,Armed clash,Ethiopia,Amhara,Sample,12.50161097029278,36.216529317225,Military Forces of Ethiopia,Militia,9,sample event,sample
MMR00064,2025-07-12,2025,Battles,Armed clash,Myanmar,Sagaing,Sample,22.0,95.0,Military Forces of Myanmar,PDF,2,sample event,sample
ETH00065,2025-07-15,2025,Battles,Armed clash,Ethiopia,Amhara,Sample,11.953258219251218,37.28244690131317,Military Forces of Ethiopia,Militia,10,sample event,sample
ETH00066,2025-07-18,2025,Battles,Armed clash,Ethiopia,Amhara,Sample,11.865798121914532,37.50266311919835,Military Forces of Ethiopia,Militia,13,sample event,sample
ETH00067,2025-07-21,2025,Battles,Armed clash,Ethiopia,Amhara,Sample,10.904261122768247,37.875849456082086,Military Forces of Ethiopia,Militia,7,sample event,sample
ETH00068,2025-07-24,2025,Battles,Armed clash,Ethiopia,Amhara,Sample,11.79032218866194,38.178266687048996,Military Forces of Ethiopia,Militia,14,sample event,sample
MMR00068,2025-07-24,2025,Battles,Armed clash,Myanmar,Sagaing,Sample,22.0,95.0,Military Forces of Myanmar,PDF,11,sample event,sample
ETH00069,2025-07-27,2025,Battles,Armed clash,Ethiopia,Amhara,Sample,10.474704083293336,36.922059173529824,Military Forces of Ethiopia,Militia,13,sample event,sample
ETH00070,2025-07-30,2025,Battles,Armed clash,Ethiopia,Amhara,Sample,11.034660937031886,37.308703593093334,Military Forces of Ethiopia,Militia,17,sample event,sample
ETH00071,2025-08-02,2025,Battles,Armed clash,Ethiopia,Amhara,Sample,12.037349994989327,36.91886566501849,Military Forces of Ethiopia,Militia,11,sample event,sample
ETH00072,2025-08-05,2025,Battles,Armed clash,Ethiopia,Amhara,Sample,11.922650250147846,37.433688193007505,Military Forces of Ethiopia,Militia,8,sample event,sample
MMR00072,2025-08-05,2025,Battles,Armed clash,Myanmar,Sagaing,Sample,22.0,95.0,Military Forces of Myanmar,PDF,6,sample event,sample
ETH00073,2025-08-08,2025,Battles,Armed clash,Ethiopia,Amhara,Sample,10.849743152047825,37.46325620920423,Military Forces of Ethiopia,Militia,4,sample event,sample
ETH00074,2025-08-11,2025,Battles,Armed clash,Ethiopia,Amhara,Sample,11.796785535677321,37.61460847952184,Military Forces of Ethiopia,Militia,4,sample event,sample
ETH00075,2025-08-14,2025,Battles,Armed clash,Ethiopia,Amhara,Sample,11.906335572054273,37.57790621462829,Military Forces of Ethiopia,Militia,8,sample event,sample
ETH00076,2025-08-17,2025,Battles,Armed clash,Ethiopia,Amhara,Sample,11.962903361041356,37.24360165170586,Military Forces of Ethiopia,Militia,7,sample event,sample
MMR00076,2025-08-17,2025,Battles,Armed clash,Myanmar,Sagaing,Sample,22.0,95.0,Military Forces of Myanmar,PDF,6,sample event,sample
ETH00077,2025-08-20,2025,Battles,Armed clash,Ethiopia,Amhara,Sample,11.570388598065952,37.97108343564371,Military Forces of Ethiopia,Militia,0,sample event,sample
ETH00078,2025-08-23,2025,Battles,Armed clash,Ethiopia,Amhara,Sample,11.444763223518265,36.39252194762124,Military Forces of Ethiopia,Militia,6,sample event,sample
ETH00079,2025-08-26,2025,Battles,Armed clash,Ethiopia,Amhara,Sample,11.716114118588642,37.38892690305004,Military Forces of Ethiopia,Militia,13,sample event,sample
ETH00080,2025-08-29,2025,Battles,Armed clash,Ethiopia,Amhara,Sample,11.743313830354435,36.01156271966434,Military Forces of Ethiopia,Militia,3,sample event,sample
MMR00080,2025-08-29,2025,Battles,Armed clash,Myanmar,Sagaing,Sample,22.0,95.0,Military Forces of Myanmar,PDF,10,sample event,sample
ETH00081,2025-09-01,2025,Battles,Armed clash,Ethiopia,Amhara,Sample,12.357960203274049,37.426173539511566,Military Forces of Ethiopia,Militia,0,sample event,sample
ETH00082,2025-09-04,2025,Battles,Armed clash,Ethiopia,Amhara,Sample,12.659402035051343,36.32348234666655,Military Forces of Ethiopia,Militia,10,sample event,sample
ETH00083,2025-09-07,2025,Battles,Armed clash,Ethiopia,Amhara,Sample,11.544063457202473,37.48903487768802,Military Forces of Ethiopia,Militia,2,sample event,sample
ETH00084,2025-09-10,2025,Battles,Armed clash,Ethiopia,Amhara,Sample,11.363878617003426,37.901074653826115,Military Forces of Ethiopia,Militia,6,sample event,sample
MMR00084,2025-09-10,2025,Battles,Armed clash,Myanmar,Sagaing,Sample,22.0,95.0,Military Forces of Myanmar,PDF,1,sample event,sample
ETH00085,2025-09-13,2025,Battles,Armed clash,Ethiopia,Amhara,Sample,11.551570054096228,37.403134417867086,Military Forces of Ethiopia,Militia,7,sample event,sample
ETH00086,2025-09-16,2025,Battles,Armed clash,Ethiopia,Amhara,Sample,11.161307931100806,37.62754173143755,Military Forces of Ethiopia,Militia,7,sample event,sample
ETH00087,2025-09-19,2025,Battles,Armed clash,Ethiopia,Amhara,Sample,10.967551042007827,37.46632242597229,Military Forces of Ethiopia,Militia,8,sample event,sample
ETH00088,2025-09-22,2025,Battles,Armed clash,Ethiopia,Amhara,Sample,11.629467679511487,36.5034087909728,Military Forces of Ethiopia,Militia,4,sample event,sample
MMR00088,2025-09-22,2025,Battles,Armed clash,Myanmar,Sagaing,Sample,22.0,95.0,Military Forces of Myanmar,PDF,7,sample event,sample
ETH00089,2025-09-25,2025,Battles,Armed clash,Ethiopia,Amhara,Sample,12.0257484406206,37.53424412098286,Military Forces of Ethiopia,Militia,9,sample event,sample
ETH00090,2025-09-28,2025,Battles,Armed clash,Ethiopia,Amhara,Sample,11.928737549875958,37.859881127963405,Military Forces of Ethiopia,Militia,17,sample event,sample
ETH00091,2025-10-01,2025,Battles,Armed clash,Ethiopia,Amhara,Sample,11.808080825831484,37.09105059546947,Military Forces of Ethiopia,Militia,11,sample event,sample
ETH00092,2025-10-04,2025,Battles,Armed clash,Ethiopia,Amhara,Sample,10.602843331295167,37.41011416994157,Military Forces of Ethiopia,Militia,6,sample event,sample
MMR00092,2025-10-04,2025,Battles,Armed clash,Myanmar,Sagaing,Sample,22.0,95.0,Military Forces of Myanmar,PDF,5,sample event,sample
ETH00093,2025-10-07,2025,Battles,Armed clash,Ethiopia,Amhara,Sample,11.833181248590593,37.414296199091716,Military Forces of Ethiopia,Militia,1,sample event,sample
ETH00094,2025-10-10,2025,Battles,Armed clash,Ethiopia,Amhara,Sample,11.411665874164008,36.99045623763371,Military Forces of Ethiopia,Militia,8,sample event,sample
ETH00095,2025-10-13,2025,Battles,Armed clash,Ethiopia,Amhara,Sample,11.773879162528335,36.91186247363049,Military Forces of Ethiopia,Militia,12,sample event,sample
ETH00096,2025-10-16,2025,Battles,Armed clash,Ethiopia,Amhara,Sample,12.246642217855564,37.260557787286025,Military Forces of Ethiopia,Militia,12,sample event,sample
MMR00096,2025-10-16,2025,Battles,Armed clash,Myanmar,Sagaing,Sample,22.0,95.0,Military Forces of Myanmar,PDF,1,sample event,sample
ETH00097,2025-10-19,2025,Battles,Armed clash,Ethiopia,Amhara,Sample,11.326231877652974,37.87888276448181,Military Forces of Ethiopia,Militia,0,sample event,sample
ETH00098,2025-10-22,2025,Battles,Armed clash,Ethiopia,Amhara,Sample,11.34380870543091,36.94894281317826,Military Forces of Ethiopia,Militia,14,sample event,sample
ETH00099,2025-10-25,2025,Battles,Armed clash,Ethiopia,Amhara,Sample,12.170373059292304,37.08541500716612,Military Forces of Ethiopia,Militia,9,sample event,sample
ETH00100,2025-10-28,2025,Battles,Armed clash,Ethiopia,Amhara,Sample,10.290702335264402,37.822535975414034,Military Forces of Ethiopia,Militia,10,sample event,sample
MMR00100,2025-10-28,2025,Battles,Armed clash,Myanmar,Sagaing,Sample,22.0,95.0,Military Forces of Myanmar,PDF,9,sample event,sample
ETH00101,2025-10-31,2025,Battles,Armed clash,Ethiopia,Amhara,Sample,10.403193332583205,37.571225777546104,Military Forces of Ethiopia,Militia,7,sample event,sample
ETH00102,2025-11-03,2025,Battles,Armed clash,Ethiopia,Amhara,Sample,10.291208613687276,37.05075842498262,Military Forces of Ethiopia,Militia,8,sample event,sample
ETH00103,2025-11-06,2025,Battles,Armed clash,Ethiopia,Amhara,Sample,11.998730896447192,37.49510051773848,Military Forces of Ethiopia,Militia,6,sample event,sample
ETH00104,2025-11-09,2025,Battles,Armed clash,Ethiopia,Amhara,Sample,11.819548838882866,37.34279688642091,Military Forces of Ethiopia,Militia,5,sample event,sample
MMR00104,2025-11-09,2025,Battles,Armed clash,Myanmar,Sagaing,Sample,22.0,95.0,Military Forces of Myanmar,PDF,2,sample event,sample
ETH00105,2025-11-12,2025,Battles,Armed clash,Ethiopia,Amhara,Sample,11.671421266684423,37.47544752220697,Military Forces of Ethiopia,Militia,18,sample event,sample
ETH00106,2025-11-15,2025,Battles,Armed clash,Ethiopia,Amhara,Sample,11.371402800370129,38.19963325968853,Military Forces of Ethiopia,Militia,10,sample event,sample
ETH00107,2025-11-18,2025,Battles,Armed clash,Ethiopia,Amhara,Sample,12.186842981429514,36.9449021952387,Military Forces of Ethiopia,Militia,4,sample event,sample
ETH00108,2025-11-21,2025,Battles,Armed clash,Ethiopia,Amhara,Sample,11.443919590834527,37.8463538956445,Military Forces of Ethiopia,Militia,9,sample event,sample
MMR00108,2025-11-21,2025,Battles,Armed clash,Myanmar,Sagaing,Sample,22.0,95.0,Military Forces of Myanmar,PDF,8,sample event,sample
ETH00109,2025-11-24,2025,Battles,Armed clash,Ethiopia,Amhara,Sample,11.757979364167209,37.91364026541993,Military Forces of Ethiopia,Militia,9,sample event,sample
ETH00110,2025-11-27,2025,Battles,Armed clash,Ethiopia,Amhara,Sample,11.33675526181242,37.65702395028498,Military Forces of Ethiopia,Militia,9,sample event,sample
ETH00111,2025-11-30,2025,Battles,Armed clash,Ethiopia,Amhara,Sample,12.47416832362561,37.32013893383593,Military Forces of Ethiopia,Militia,9,sample event,sample
ETH00112,2025-12-03,2025,Battles,Armed clash,Ethiopia,Amhara,Sample,11.44678024361839,37.97805524124229,Military Forces of Ethiopia,Militia,13,sample event,sample
MMR00112,2025-12-03,2025,Battles,Armed clash,Myanmar,Sagaing,Sample,22.0,95.0,Military Forces of Myanmar,PDF,7,sample event,sample
ETH00113,2025-12-06,2025,Battles,Armed clash,Ethiopia,Amhara,Sample,10.97665368481615,36.64172748674181,Military Forces of Ethiopia,Militia,10,sample event,sample
ETH00114,2025-12-09,2025,Battles,Armed clash,Ethiopia,Amhara,Sample,11.961018935644512,38.13959902829101,Military Forces of Ethiopia,Militia,0,sample event,sample
ETH00115,2025-12-12,2025,Battles,Armed clash,Ethiopia,Amhara,Sample,11.514847385705192,36.5547682019043,Military Forces of Ethiopia,Militia,4,sample event,sample
ETH00116,2025-12-15,2025,Battles,Armed clash,Ethiopia,Amhara,Sample,11.489448846181629,37.881509956743905,Military Forces of Ethiopia,Militia,6,sample event,sample
MMR00116,2025-12-15,2025,Battles,Armed clash,Myanmar,Sagaing,Sample,22.0,95.0,Military Forces of Myanmar,PDF,3,sample event,sample
ETH00117,2025-12-18,2025,Battles,Armed clash,Ethiopia,Amhara,Sample,11.440084806403311,38.02883307684037,Military Forces of Ethiopia,Militia,21,sample event,sample
ETH00118,2025-12-21,2025,Battles,Armed clash,Ethiopia,Amhara,Sample,10.828994895189096,37.263251109051474,Military Forces of Ethiopia,Militia,6,sample event,sample
ETH00119,2025-12-24,2025,Battles,Armed clash,Ethiopia,Amhara,Sample,12.184400841426196,37.61783310338299,Military Forces of Ethiopia,Militia,16,sample event,sample
ETH00120,2025-12-27,2025,Battles,Armed clash,Ethiopia,Amhara,Sample,11.09393623933729,37.40688625670829,Military Forces of Ethiopia,Militia,6,sample event,sample
MMR00120,2025-12-27,2025,Battles,Armed clash,Myanmar,Sagaing,Sample,22.0,95.0,Military Forces of Myanmar,PDF,2,sample event,sample
ETH00121,2025-12-30,2025,Battles,Armed clash,Ethiopia,Amhara,Sample,11.520983001488608,36.807750308663714,Military Forces of Ethiopia,Militia,19,sample event,sample
ETH00122,2026-01-02,2026,Battles,Armed clash,Ethiopia,Amhara,Sample,11.808645558495511,36.89177009568161,Military Forces of Ethiopia,Militia,5,sample event,sample
ETH00123,2026-01-05,2026,Battles,Armed clash,Ethiopia,Amhara,Sample,12.46631824456498,37.160940820676025,Military Forces of Ethiopia,Militia,12,sample event,sample
ETH00124,2026-01-08,2026,Battles,Armed clash,Ethiopia,Amhara,Sample,11.891827212331469,37.946365833637074,Military Forces of Ethiopia,Militia,12,sample event,sample
MMR00124,2026-01-08,2026,Battles,Armed clash,Myanmar,Sagaing,Sample,22.0,95.0,Military Forces of Myanmar,PDF,5,sample event,sample
ETH00125,2026-01-11,2026,Battles,Armed clash,Ethiopia,Amhara,Sample,11.304250792071977,36.512111805436575,Military Forces of Ethiopia,Militia,8,sample event,sample
ETH00126,2026-01-14,2026,Battles,Armed clash,Ethiopia,Amhara,Sample,11.66935077556602,37.21990269169361,Military Forces of Ethiopia,Militia,8,sample event,sample
ETH00127,2026-01-17,2026,Battles,Armed clash,Ethiopia,Amhara,Sample,10.993023627422184,38.48558509073316,Military Forces of Ethiopia,Militia,6,sample event,sample
ETH00128,2026-01-20,2026,Battles,Armed clash,Ethiopia,Amhara,Sample,11.0823016642376,37.10149459746354,Military Forces of Ethiopia,Militia,8,sample event,sample
MMR00128,2026-01-20,2026,Battles,Armed clash,Myanmar,Sagaing,Sample,22.0,95.0,Military Forces of Myanmar,PDF,8,sample event,sample
ETH00129,2026-01-23,2026,Battles,Armed clash,Ethiopia,Amhara,Sample,10.386322649315506,37.657877917274696,Military Forces of Ethiopia,Militia,5,sample event,sample
ETH00130,2026-01-26,2026,Battles,Armed clash,Ethiopia,Amhara,Sample,11.510382658892006,37.90873133761676,Military Forces of Ethiopia,Militia,12,sample event,sample
ETH00131,2026-01-29,2026,Battles,Armed clash,Ethiopia,Amhara,Sample,11.260910107848481,37.35363350326319,Military Forces of Ethiopia,Militia,18,sample event,sample
ETH00132,2026-02-01,2026,Battles,Armed clash,Ethiopia,Amhara,Sample,12.281549164764842,37.83538106969524,Military Forces of Ethiopia,Militia,9,sample event,sample
MMR00132,2026-02-01,2026,Battles,Armed clash,Myanmar,Sagaing,Sample,22.0,95.0,Military Forces of Myanmar,PDF,8,sample event,sample
ETH00133,2026-02-04,2026,Battles,Armed clash,Ethiopia,Amhara,Sample,11.80021908086585,37.12739191569322,Military Forces of Ethiopia,Militia,4,sample event,sample
ETH00134,2026-02-07,2026,Battles,Armed clash,Ethiopia,Amhara,Sample,11.863529549837201,37.593251412003426,Military Forces of Ethiopia,Militia,15,sample event,sample
ETH00135,2026-02-10,2026,Battles,Armed clash,Ethiopia,Amhara,Sample,11.360502896292006,38.10342288348478,Military Forces of Ethiopia,Militia,7,sample event,sample
ETH00136,2026-02-13,2026,Battles,Armed clash,Ethiopia,Amhara,Sample,12.230197478634324,37.67537934118861,Military Forces of Ethiopia,Militia,6,sample event,sample
MMR00136,2026-02-13,2026,Battles,Armed clash,Myanmar,Sagaing,Sample,22.0,95.0,Military Forces of Myanmar,PDF,3,sample event,sample
ETH00137,2026-02-16,2026,Battles,Armed clash,Ethiopia,Amhara,Sample,11.541783291025816,37.26991778519432,Military Forces of Ethiopia,Militia,13,sample event,sample
ETH00138,2026-02-19,2026,Battles,Armed clash,Ethiopia,Amhara,Sample,11.256190832193322,36.66286328195678,Military Forces of Ethiopia,Militia,8,sample event,sample
ETH00139,2026-02-22,2026,Battles,Armed clash,Ethiopia,Amhara,Sample,12.563294465546436,38.221101089587826,Military Forces of Ethiopia,Militia,5,sample event,sample
ETH00140,2026-02-25,2026,Battles,Armed clash,Ethiopia,Amhara,Sample,11.464769765253408,37.561308246648714,Military Forces of Ethiopia,Militia,5,sample event,sample
MMR00140,2026-02-25,2026,Battles,Armed clash,Myanmar,Sagaing,Sample,22.0,95.0,Military Forces of Myanmar,PDF,5,sample event,sample
ETH00141,2026-02-28,2026,Battles,Armed clash,Ethiopia,Amhara,Sample,11.464078363214798,36.87674763593239,Military Forces of Ethiopia,Militia,5,sample event,sample
ETH00142,2026-03-03,2026,Battles,Armed clash,Ethiopia,Amhara,Sample,11.359255450481857,37.51918161676837,Military Forces of Ethiopia,Militia,3,sample event,sample
ETH00143,2026-03-06,2026,Battles,Armed clash,Ethiopia,Amhara,Sample,11.654282229295616,36.91053088883847,Military Forces of Ethiopia,Militia,4,sample event,sample
ETH00144,2026-03-09,2026,Battles,Armed clash,Ethiopia,Amhara,Sample,11.039486852434003,39.40750507750624,Military Forces of Ethiopia,Militia,15,sample event,sample
MMR00144,2026-03-09,2026,Battles,Armed clash,Myanmar,Sagaing,Sample,22.0,95.0,Military Forces of Myanmar,PDF,10,sample event,sample
ETH00145,2026-03-12,2026,Battles,Armed clash,Ethiopia,Amhara,Sample,12.008094126566473,37.28392110428979,Military Forces of Ethiopia,Militia,9,sample event,sample
ETH00146,2026-03-15,2026,Battles,Armed clash,Ethiopia,Amhara,Sample,11.74613587057441,37.625220762317845,Military Forces of Ethiopia,Militia,11,sample event,sample
ETH00147,2026-03-18,2026,Battles,Armed clash,Ethiopia,Amhara,Sample,12.364836100293438,35.92140600572646,Military Forces of Ethiopia,Militia,6,sample event,sample
ETH00148,2026-03-21,2026,Battles,Armed clash,Ethiopia,Amhara,Sample,11.94008578724569,37.22225268757671,Military Forces of Ethiopia,Militia,8,sample event,sample
MMR00148,2026-03-21,2026,Battles,Armed clash,Myanmar,Sagaing,Sample,22.0,95.0,Military Forces of Myanmar,PDF,10,sample event,sample
ETH00149,2026-03-24,2026,Battles,Armed clash,Ethiopia,Amhara,Sample,11.697036942640603,38.29253349156152,Military Forces of Ethiopia,Militia,8,sample event,sample
ETH00150,2026-03-27,2026,Battles,Armed clash,Ethiopia,Amhara,Sample,11.719785057575109,36.86768706652983,Military Forces of Ethiopia,Militia,0,sample event,sample
ETH00151,2026-03-30,2026,Battles,Armed clash,Ethiopia,Amhara,Sample,11.391648787750619,37.431760999199305,Military Forces of Ethiopia,Militia,7,sample event,sample
ETH00152,2026-04-02,2026,Battles,Armed clash,Ethiopia,Amhara,Sample,10.926632045347002,37.72926825942238,Military Forces of Ethiopia,Militia,9,sample event,sample
MMR00152,2026-04-02,2026,Battles,Armed clash,Myanmar,Sagaing,Sample,22.0,95.0,Military Forces of Myanmar,PDF,6,sample event,sample
ETH00153,2026-04-05,2026,Battles,Armed clash,Ethiopia,Amhara,Sample,11.211487885040128,38.225149146672685,Military Forces of Ethiopia,Militia,16,sample event,sample
ETH00154,2026-04-08,2026,Battles,Armed clash,Ethiopia,Amhara,Sample,11.754644283102863,37.3426847283905,Military Forces of Ethiopia,Militia,10,sample event,sample
ETH00155,2026-04-11,2026,Battles,Armed clash,Ethiopia,Amhara,Sample,12.448939839524826,38.80591999257423,Military Forces of Ethiopia,Militia,9,sample event,sample
ETH00156,2026-04-14,2026,Battles,Armed clash,Ethiopia,Amhara,Sample,11.387104858316786,36.49420808072019,Military Forces of Ethiopia,Militia,22,sample event,sample
MMR00156,2026-04-14,2026,Battles,Armed clash,Myanmar,Sagaing,Sample,22.0,95.0,Military Forces of Myanmar,PDF,2,sample event,sample
ETH00157,2026-04-17,2026,Battles,Armed clash,Ethiopia,Amhara,Sample,12.037139591502973,37.650836889269364,Military Forces of Ethiopia,Militia,15,sample event,sample
ETH00158,2026-04-20,2026,Battles,Armed clash,Ethiopia,Amhara,Sample,11.170166302033023,36.58993625417569,Military Forces of Ethiopia,Militia,9,sample event,sample
ETH00159,2026-04-23,2026,Battles,Armed clash,Ethiopia,Amhara,Sample,11.806365425425366,37.975682739709335,Military Forces of Ethiopia,Militia,0,sample event,sample
ETH00160,2026-04-26,2026,Battles,Armed clash,Ethiopia,Amhara,Sample,11.373661169591303,37.269067932630506,Military Forces of Ethiopia,Militia,2,sample event,sample
MMR00160,2026-04-26,2026,Battles,Armed clash,Myanmar,Sagaing,Sample,22.0,95.0,Military Forces of Myanmar,PDF,5,sample event,sample
ETH00161,2026-04-29,2026,Battles,Armed clash,Ethiopia,Amhara,Sample,12.001101354375312,37.38392294878855,Military Forces of Ethiopia,Militia,1,sample event,sample
ETH00162,2026-05-02,2026,Battles,Armed clash,Ethiopia,Amhara,Sample,11.774397769449509,37.83064732169293,Military Forces of Ethiopia,Militia,11,sample event,sample
ETH00163,2026-05-05,2026,Battles,Armed clash,Ethiopia,Amhara,Sample,11.996252602517385,36.57407871148582,Military Forces of Ethiopia,Militia,11,sample event,sample
ETH00164,2026-05-08,2026,Battles,Armed clash,Ethiopia,Amhara,Sample,11.901565705446835,37.21310314989987,Military Forces of Ethiopia,Militia,8,sample event,sample
MMR00164,2026-05-08,2026,Battles,Armed clash,Myanmar,Sagaing,Sample,22.0,95.0,Military Forces of Myanmar,PDF,3,sample event,sample
ETH00165,2026-05-11,2026,Battles,Armed clash,Ethiopia,Amhara,Sample,12.219482908674475,37.25193451175067,Military Forces of Ethiopia,Militia,4,sample event,sample
ETH00166,2026-05-14,2026,Battles,Armed clash,Ethiopia,Amhara,Sample,11.694674578442822,37.45722561969394,Military Forces of Ethiopia,Militia,12,sample event,sample
ETH00167,2026-05-17,2026,Battles,Armed clash,Ethiopia,Amhara,Sample,11.183865572542278,37.062743221052955,Military Forces of Ethiopia,Militia,10,sample event,sample
ETH00168,2026-05-20,2026,Battles,Armed clash,Ethiopia,Amhara,Sample,12.720460604489892,37.63519755706328,Military Forces of Ethiopia,Militia,2,sample event,sample
MMR00168,2026-05-20,2026,Battles,Armed clash,Myanmar,Sagaing,Sample,22.0,95.0,Military Forces of Myanmar,PDF,6,sample event,sample
ETH00169,2026-05-23,2026,Battles,Armed clash,Ethiopia,Amhara,Sample,11.211726408839152,36.4748264773048,Military Forces of Ethiopia,Militia,5,sample event,sample
ETH00170,2026-05-26,2026,Battles,Armed clash,Ethiopia,Amhara,Sample,11.31350372023019,37.61087190888517,Military Forces of Ethiopia,Militia,15,sample event,sample
ETH00171,2026-05-29,2026,Battles,Armed clash,Ethiopia,Amhara,Sample,12.171488297794417,37.80661501055596,Military Forces of Ethiopia,Militia,6,sample event,sample
