indicator_code,country_iso3,country_name,year,value
NY.GDP.MKTP.CD,IRN,Iran,2020,400000000000.0
MS.MIL.XPND.GD.ZS,IRN,Iran,2020,4.0
SP.POP.TOTL,IRN,Iran,2020,50000000.0
NY.GDP.MKTP.KD.ZG,IRN,Iran,2020,2.5
NY.GDP.MKTP.CD,IRN,Iran,2021,408000000000.0
MS.MIL.XPND.GD.ZS,IRN,Iran,2021,4.0
SP.POP.TOTL,IRN,Iran,2021,50000000.0
NY.GDP.MKTP.KD.ZG,IRN,Iran,2021,2.5
NY.GDP.MKTP.CD,IRN,Iran,2022,416160000000.0
MS.MIL.XPND.GD.ZS,IRN,Iran,2022,4.0
SP.POP.TOTL,IRN,Iran,2022,50000000.0
NY.GDP.MKTP.KD.ZG,IRN,Iran,2022,2.5
NY.GDP.MKTP.CD,IRN,Iran,2023,424483200000.00006
MS.MIL.XPND.GD.ZS,IRN,Iran,2023,4.0
SP.POP.TOTL,IRN,Iran,2023,50000000.0
NY.GDP.MKTP.KD.ZG,IRN,Iran,2023,2.5
NY.GDP.MKTP.CD,IRN,Iran,2024,432972864000.0
MS.MIL.XPND.GD.ZS,IRN,Iran,2024,4.0
SP.POP.TOTL,IRN,Iran,2024,50000000.0
NY.GDP.MKTP.KD.ZG,IRN,Iran,2024,2.5
NY.GDP.MKTP.CD,IRN,Iran,2025,441632321280.0
MS.MIL.XPND.GD.ZS,IRN,Iran,2025,4.0
SP.POP.TOTL,IRN,Iran,2025,50000000.0
NY.GDP.MKTP.KD.ZG,IRN,Iran,2025,2.5
NY.GDP.MKTP.CD,CHN,China,2020,18500000000000.0
MS.MIL.XPND.GD.ZS,CHN,China,2020,1.7
SP.POP.TOTL,CHN,China,2020,50000000.0
NY.GDP.MKTP.KD.ZG,CHN,China,2020,2.5
NY.GDP.MKTP.CD,CHN,China,2021,18870000000000.0
MS.MIL.XPND.GD.ZS,CHN,China,2021,1.7
SP.POP.TOTL,CHN,China,2021,50000000.0
NY.GDP.MKTP.KD.ZG,CHN,China,2021,2.5
NY.GDP.MKTP.CD,CHN,China,2022,19247400000000.0
MS.MIL.XPND.GD.ZS,CHN,China,2022,1.7
SP.POP.TOTL,CHN,China,2022,50000000.0
NY.GDP.MKTP.KD.ZG,CHN,China,2022,2.5
NY.GDP.MKTP.CD,CHN,China,2023,19632348000000.004
MS.MIL.XPND.GD.ZS,CHN,China,2023,1.7
SP.POP.TOTL,CHN,China,2023,50000000.0
NY.GDP.MKTP.KD.ZG,CHN,China,2023,2.5
NY.GDP.MKTP.CD,CHN,China,2024,20024994960000.0
MS.MIL.XPND.GD.ZS,CHN,China,2024,1.7
SP.POP.TOTL,CHN,China,2024,50000000.0
NY.GDP.MKTP.KD.ZG,CHN,China,2024,2.5
NY.GDP.MKTP.CD,CHN,China,2025,20425494859200.0
MS.MIL.XPND.GD.ZS,CHN,China,2025,1.7
SP.POP.TOTL,CHN,China,2025,50000000.0
NY.GDP.MKTP.KD.ZG,CHN,China,2025,2.5
NY.GDP.MKTP.CD,RUS,Russia,2020,2000000000000.0
MS.MIL.XPND.GD.ZS,RUS,Russia,2020,6.5
SP.POP.TOTL,RUS,Russia,2020,50000000.0
NY.GDP.MKTP.KD.ZG,RUS,Russia,2020,2.5
NY.GDP.MKTP.CD,RUS,Russia,2021,2040000000000.0
MS.MIL.XPND.GD.ZS,RUS,Russia,2021,6.5
SP.POP.TOTL,RUS,Russia,2021,50000000.0
NY.GDP.MKTP.KD.ZG,RUS,Russia,2021,2.5
NY.GDP.MKTP.CD,RUS,Russia,2022,2080800000000.0
MS.MIL.XPND.GD.ZS,RUS,Russia,2022,6.5
SP.POP.TOTL,RUS,Russia,2022,50000000.0
NY.GDP.MKTP.KD.ZG,RUS,Russia,2022,2.5
NY.GDP.MKTP.CD,RUS,Russia,2023,2122416000000.0002
MS.MIL.XPND.GD.ZS,RUS,Russia,2023,6.5
SP.POP.TOTL,RUS,Russia,2023,50000000.0
NY.GDP.MKTP.KD.ZG,RUS,Russia,2023,2.5
NY.GDP.MKTP.CD,RUS,Russia,2024,2164864320000.0
MS.MIL.XPND.GD.ZS,RUS,Russia,2024,6.5
SP.POP.TOTL,RUS,Russia,2024,50000000.0
NY.GDP.MKTP.KD.ZG,RUS,Russia,2024,2.5
NY.GDP.MKTP.CD,RUS,Russia,2025,2208161606400.0
MS.MIL.XPND.GD.ZS,RUS,Russia,2025,6.5
SP.POP.TOTL,RUS,Russia,2025,50000000.0
NY.GDP.MKTP.KD.ZG,RUS,Russia,2025,2.5
NY.GDP.MKTP.CD,MMR,Myanmar,2020,65000000000.0
MS.MIL.XPND.GD.ZS,MMR,Myanmar,2020,3.1
SP.POP.TOTL,MMR,Myanmar,2020,50000000.0
NY.GDP.MKTP.KD.ZG,MMR,Myanmar,2020,2.5
NY.GDP.MKTP.CD,MMR,Myanmar,2021,66300000000.0
MS.MIL.XPND.GD.ZS,MMR,Myanmar,2021,3.1
SP.POP.TOTL,MMR,Myanmar,2021,50000000.0
NY.GDP.MKTP.KD.ZG,MMR,Myanmar,2021,2.5
NY.GDP.MKTP.CD,MMR,Myanmar,2022,67626000000.0
MS.MIL.XPND.GD.ZS,MMR,Myanmar,2022,3.1
SP.POP.TOTL,MMR,Myanmar,2022,50000000.0
NY.GDP.MKTP.KD.ZG,MMR,Myanmar,2022,2.5
NY.GDP.MKTP.CD,MMR,Myanmar,2023,68978520000.00002
MS.MIL.XPND.GD.ZS,MMR,Myanmar,2023,3.1
SP.POP.TOTL,MMR,Myanmar,2023,50000000.0
NY.GDP.MKTP.KD.ZG,MMR,Myanmar,2023,2.5
NY.GDP.MKTP.CD,MMR,Myanmar,2024,70358090400.0
MS.MIL.XPND.GD.ZS,MMR,Myanmar,2024,3.1
SP.POP.TOTL,MMR,Myanmar,2024,50000000.0
NY.GDP.MKTP.KD.ZG,MMR,Myanmar,2024,2.5
NY.GDP.MKTP.CD,MMR,Myanmar,2025,71765252208.0
MS.MIL.XPND.GD.ZS,MMR,Myanmar,2025,3.1
SP.POP.TOTL,MMR,Myanmar,2025,50000000.0
NY.GDP.MKTP.KD.ZG,MMR,Myanmar,2025,2.5
NY.GDP.MKTP.CD,ETH,Ethiopia,2020,160000000000.0
MS.MIL.XPND.GD.ZS,ETH,Ethiopia,2020,0.8
SP.POP.TOTL,ETH,Ethiopia,2020,50000000.0
NY.GDP.MKTP.KD.ZG,ETH,Ethiopia,2020,2.5
NY.GDP.MKTP.CD,ETH,Ethiopia,2021,163200000000.0
MS.MIL.XPND.GD.ZS,ETH,Ethiopia,2021,0.8
SP.POP.TOTL,ETH,Ethiopia,2021,50000000.0
NY.GDP.MKTP.KD.ZG,ETH,Ethiopia,2021,2.5
NY.GDP.MKTP.CD,ETH,Ethiopia,2022,166464000000.0
MS.MIL.XPND.GD.ZS,ETH,Ethiopia,2022,0.8
SP.POP.TOTL,ETH,Ethiopia,2022,50000000.0
NY.GDP.MKTP.KD.ZG,ETH,Ethiopia,2022,2.5
NY.GDP.MKTP.CD,ETH,Ethiopia,2023,169793280000.00003
MS.MIL.XPND.GD.ZS,ETH,Ethiopia,2023,0.8
SP.POP.TOTL,ETH,Ethiopia,2023,50000000.0
NY.GDP.MKTP.KD.ZG,ETH,Ethiopia,2023,2.5
NY.GDP.MKTP.CD,ETH,Ethiopia,2024,173189145600.0
MS.MIL.XPND.GD.ZS,ETH,Ethiopia,2024,0.8
SP.POP.TOTL,ETH,Ethiopia,2024,50000000.0
NY.GDP.MKTP.KD.ZG,ETH,Ethiopia,2024,2.5
NY.GDP.MKTP.CD,ETH,Ethiopia,2025,176652928512.0
MS.MIL.XPND.GD.ZS,ETH,Ethiopia,2025,0.8
SP.POP.TOTL,ETH,Ethiopia,2025,50000000.0
NY.GDP.MKTP.KD.ZG,ETH,Ethiopia,2025,2.5
NY.GDP.MKTP.CD,PAK,Pakistan,2020,380000000000.0
MS.MIL.XPND.GD.ZS,PAK,Pakistan,2020,2.8
SP.POP.TOTL,PAK,Pakistan,2020,50000000.0
NY.GDP.MKTP.KD.ZG,PAK,Pakistan,2020,2.5
NY.GDP.MKTP.CD,PAK,Pakistan,2021,387600000000.0
MS.MIL.XPND.GD.ZS,PAK,Pakistan,2021,2.8
SP.POP.TOTL,PAK,Pakistan,2021,50000000.0
NY.GDP.MKTP.KD.ZG,PAK,Pakistan,2021,2.5
NY.GDP.MKTP.CD,PAK,Pakistan,2022,395352000000.0
MS.MIL.XPND.GD.ZS,PAK,Pakistan,2022,2.8
SP.POP.TOTL,PAK,Pakistan,2022,50000000.0
NY.GDP.MKTP.KD.ZG,PAK,Pakistan,2022,2.5
NY.GDP.MKTP.CD,PAK,Pakistan,2023,403259040000.00006
MS.MIL.XPND.GD.ZS,PAK,Pakistan,2023,2.8
SP.POP.TOTL,PAK,Pakistan,2023,50000000.0
NY.GDP.MKTP.KD.ZG,PAK,Pakistan,2023,2.5
NY.GDP.MKTP.CD,PAK,Pakistan,2024,411324220800.0
MS.MIL.XPND.GD.ZS,PAK,Pakistan,2024,2.8
SP.POP.TOTL,PAK,Pakistan,2024,50000000.0
NY.GDP.MKTP.KD.ZG,PAK,Pakistan,2024,2.5
NY.GDP.MKTP.CD,PAK,Pakistan,2025,419550705216.0
MS.MIL.XPND.GD.ZS,PAK,Pakistan,2025,2.8
SP.POP.TOTL,PAK,Pakistan,2025,50000000.0
NY.GDP.MKTP.KD.ZG,PAK,Pakistan,2025,2.5
NY.GDP.MKTP.CD,USA,United States,2020,28000000000000.0
MS.MIL.XPND.GD.ZS,USA,United States,2020,3.4
SP.POP.TOTL,USA,United States,2020,50000000.0
NY.GDP.MKTP.KD.ZG,USA,United States,2020,2.5
NY.GDP.MKTP.CD,USA,United States,2021,28560000000000.0
MS.MIL.XPND.GD.ZS,USA,United States,2021,3.4
SP.POP.TOTL,USA,United States,2021,50000000.0
NY.GDP.MKTP.KD.ZG,USA,United States,2021,2.5
NY.GDP.MKTP.CD,USA,United States,2022,29131200000000.0
MS.MIL.XPND.GD.ZS,USA,United States,2022,3.4
SP.POP.TOTL,USA,United States,2022,50000000.0
NY.GDP.MKTP.KD.ZG,USA,United States,2022,2.5
NY.GDP.MKTP.CD,USA,United States,2023,29713824000000.004
MS.MIL.XPND.GD.ZS,USA,United States,2023,3.4
SP.POP.TOTL,USA,United States,2023,50000000.0
NY.GDP.MKTP.KD.ZG,USA,United States,2023,2.5
NY.GDP.MKTP.CD,USA,United States,2024,30308100480000.0
MS.MIL.XPND.GD.ZS,USA,United States,2024,3.4
SP.POP.TOTL,USA,United States,2024,50000000.0
NY.GDP.MKTP.KD.ZG,USA,United States,2024,2.5
NY.GDP.MKTP.CD,USA,United States,2025,30914262489600.0
MS.MIL.XPND.GD.ZS,USA,United States,2025,3.4
SP.POP.TOTL,USA,United States,2025,50000000.0
NY.GDP.MKTP.KD.ZG,USA,United States,2025,2.5
NY.GDP.MKTP.CD,FRA,France,2020,3100000000000.0
MS.MIL.XPND.GD.ZS,FRA,France,2020,2.0
SP.POP.TOTL,FRA,France,2020,50000000.0
NY.GDP.MKTP.KD.ZG,FRA,France,2020,2.5
NY.GDP.MKTP.CD,FRA,France,2021,3162000000000.0
MS.MIL.XPND.GD.ZS,FRA,France,2021,2.0
SP.POP.TOTL,FRA,France,2021,50000000.0
NY.GDP.MKTP.KD.ZG,FRA,France,2021,2.5
NY.GDP.MKTP.CD,FRA,France,2022,3225240000000.0
MS.MIL.XPND.GD.ZS,FRA,France,2022,2.0
SP.POP.TOTL,FRA,France,2022,50000000.0
NY.GDP.MKTP.KD.ZG,FRA,France,2022,2.5
NY.GDP.MKTP.CD,FRA,France,2023,3289744800000.0005
MS.MIL.XPND.GD.ZS,FRA,France,2023,2.0
SP.POP.TOTL,FRA,France,2023,50000000.0
NY.GDP.MKTP.KD.ZG,FRA,France,2023,2.5
NY.GDP.MKTP.CD,FRA,France,2024,3355539696000.0
MS.MIL.XPND.GD.ZS,FRA,France,2024,2.0
SP.POP.TOTL,FRA,France,2024,50000000.0
NY.GDP.MKTP.KD.ZG,FRA,France,2024,2.5
NY.GDP.MKTP.CD,FRA,France,2025,3422650489920.0
MS.MIL.XPND.GD.ZS,FRA,France,2025,2.0
SP.POP.TOTL,FRA,France,2025,50000000.0
NY.GDP.MKTP.KD.ZG,FRA,France,2025,2.5
NY.GDP.MKTP.CD,GBR,United Kingdom,2020,3400000000000.0
MS.MIL.XPND.GD.ZS,GBR,United Kingdom,2020,2.3
SP.POP.TOTL,GBR,United Kingdom,2020,50000000.0
NY.GDP.MKTP.KD.ZG,GBR,United Kingdom,2020,2.5
NY.GDP.MKTP.CD,GBR,United Kingdom,2021,3468000000000.0
MS.MIL.XPND.GD.ZS,GBR,United Kingdom,2021,2.3
SP.POP.TOTL,GBR,United Kingdom,2021,50000000.0
NY.GDP.MKTP.KD.ZG,GBR,United Kingdom,2021,2.5
NY.GDP.MKTP.CD,GBR,United Kingdom,2022,3537360000000.0
MS.MIL.XPND.GD.ZS,GBR,United Kingdom,2022,2.3
SP.POP.TOTL,GBR,United Kingdom,2022,50000000.0
NY.GDP.MKTP.KD.ZG,GBR,United Kingdom,2022,2.5
NY.GDP.MKTP.CD,GBR,United Kingdom,2023,3608107200000.0005
MS.MIL.XPND.GD.ZS,GBR,United Kingdom,2023,2.3
SP.POP.TOTL,GBR,United Kingdom,2023,50000000.0
NY.GDP.MKTP.KD.ZG,GBR,United Kingdom,2023,2.5
NY.GDP.MKTP.CD,GBR,United Kingdom,2024,3680269344000.0
MS.MIL.XPND.GD.ZS,GBR,United Kingdom,2024,2.3
SP.POP.TOTL,GBR,United Kingdom,2024,50000000.0
NY.GDP.MKTP.KD.ZG,GBR,United Kingdom,2024,2.5
NY.GDP.MKTP.CD,GBR,United Kingdom,2025,3753874730880.0
MS.MIL.XPND.GD.ZS,GBR,United Kingdom,2025,2.3
SP.POP.TOTL,GBR,United Kingdom,2025,50000000.0
NY.GDP.MKTP.KD.ZG,GBR,United Kingdom,2025,2.5
