country_name_raw,year,measure,value,country_code
Iran,2020,expenditure_current_usd,10000000000.0,IRN
China,2020,expenditure_current_usd,240000000000.0,CHN
Russia,2020,expenditure_current_usd,61000000000.0,RUS
United States,2020,expenditure_current_usd,778000000000.0,USA
France,2020,expenditure_current_usd,52000000000.0,FRA
Myanmar,2020,expenditure_current_usd,2100000000.0,MMR
Ethiopia,2020,expenditure_current_usd,460000000.0,ETH
Iran,2021,expenditure_current_usd,10200000000.0,IRN
China,2021,expenditure_current_usd,252000000000.0,CHN
Russia,2021,expenditure_current_usd,63000000000.0,RUS
United States,2021,expenditure_current_usd,800000000000.0,USA
France,2021,expenditure_current_usd,53000000000.0,FRA
Myanmar,2021,expenditure_current_usd,2000000000.0,MMR
Ethiopia,2021,expenditure_current_usd,500000000.0,ETH
Iran,2022,expenditure_current_usd,10100000000.0,IRN
China,2022,expenditure_current_usd,265000000000.0,CHN
Russia,2022,expenditure_current_usd,75000000000.0,RUS
United States,2022,expenditure_current_usd,812000000000.0,USA
France,2022,expenditure_current_usd,53500000000.0,FRA
Myanmar,2022,expenditure_current_usd,1900000000.0,MMR
Ethiopia,2022,expenditure_current_usd,1000000000.0,ETH
Iran,2023,expenditure_current_usd,10300000000.0,IRN
China,2023,expenditure_current_usd,278000000000.0,CHN
Russia,2023,expenditure_current_usd,94000000000.0,RUS
United States,2023,expenditure_current_usd,860000000000.0,USA
France,2023,expenditure_current_usd,56000000000.0,FRA
Myanmar,2023,expenditure_current_usd,1950000000.0,MMR
Ethiopia,2023,expenditure_current_usd,1100000000.0,ETH
Iran,2024,expenditure_current_usd,10200000000.0,IRN
China,2024,expenditure_current_usd,292000000000.0,CHN
Russia,2024,expenditure_current_usd,109000000000.0,RUS
United States,2024,expenditure_current_usd,886000000000.0,USA
France,2024,expenditure_current_usd,61000000000.0,FRA
Myanmar,2024,expenditure_current_usd,2000000000.0,MMR
Ethiopia,2024,expenditure_current_usd,1200000000.0,ETH
Iran,2025,expenditure_current_usd,10400000000.0,IRN
China,2025,expenditure_current_usd,307000000000.0,CHN
Russia,2025,expenditure_current_usd,120000000000.0,RUS
United States,2025,expenditure_current_usd,905000000000.0,USA
France,2025,expenditure_current_usd,64000000000.0,FRA
Myanmar,2025,expenditure_current_usd,2050000000.0,MMR
Ethiopia,2025,expenditure_current_usd,1300000000.0,ETH
Iran,2020,expenditure_pct_gdp,2.5,IRN
China,2020,expenditure_pct_gdp,1.7,CHN
Russia,2020,expenditure_pct_gdp,4.1,RUS
United States,2020,expenditure_pct_gdp,3.7,USA
France,2020,expenditure_pct_gdp,2.0,FRA
Myanmar,2020,expenditure_pct_gdp,3.0,MMR
Ethiopia,2020,expenditure_pct_gdp,0.5,ETH
Iran,2021,expenditure_pct_gdp,2.4,IRN
China,2021,expenditure_pct_gdp,1.7,CHN
Russia,2021,expenditure_pct_gdp,4.1,RUS
United States,2021,expenditure_pct_gdp,3.5,USA
France,2021,expenditure_pct_gdp,1.9,FRA
Myanmar,2021,expenditure_pct_gdp,2.9,MMR
Ethiopia,2021,expenditure_pct_gdp,0.5,ETH
Iran,2022,expenditure_pct_gdp,2.3,IRN
China,2022,expenditure_pct_gdp,1.6,CHN
Russia,2022,expenditure_pct_gdp,4.7,RUS
United States,2022,expenditure_pct_gdp,3.3,USA
France,2022,expenditure_pct_gdp,1.9,FRA
Myanmar,2022,expenditure_pct_gdp,2.9,MMR
Ethiopia,2022,expenditure_pct_gdp,0.8,ETH
Iran,2023,expenditure_pct_gdp,2.2,IRN
China,2023,expenditure_pct_gdp,1.7,CHN
Russia,2023,expenditure_pct_gdp,5.9,RUS
United States,2023,expenditure_pct_gdp,3.4,USA
France,2023,expenditure_pct_gdp,2.0,FRA
Myanmar,2023,expenditure_pct_gdp,3.0,MMR
Ethiopia,2023,expenditure_pct_gdp,0.8,ETH
Iran,2024,expenditure_pct_gdp,2.1,IRN
China,2024,expenditure_pct_gdp,1.7,CHN
Russia,2024,expenditure_pct_gdp,6.7,RUS
United States,2024,expenditure_pct_gdp,3.4,USA
France,2024,expenditure_pct_gdp,2.1,FRA
Myanmar,2024,expenditure_pct_gdp,3.0,MMR
Ethiopia,2024,expenditure_pct_gdp,0.8,ETH
Iran,2025,expenditure_pct_gdp,2.1,IRN
China,2025,expenditure_pct_gdp,1.7,CHN
Russia,2025,expenditure_pct_gdp,7.1,RUS
United States,2025,expenditure_pct_gdp,3.4,USA
France,2025,expenditure_pct_gdp,2.1,FRA
Myanmar,2025,expenditure_pct_gdp,3.0,MMR
Ethiopia,2025,expenditure_pct_gdp,0.8,ETH
