reporter_country,hs_code,flow_direction,year,trade_value_usd,net_weight_kg,commodity_name,capability_category,signal_weight,rolling_avg_3y,rolling_std_3y,baseline_deviation_pct,z_score,anomaly_score,anomaly_flag,flow_id
CHN,8108,import,2020,805864603.0131758,100733075.37664698,Titanium and articles,airframe_and_armor_materials,0.9,,,,,0.0,False,cf_7fd54ff11a742a47
CHN,8108,import,2021,864643591.4431671,108080448.93039589,Titanium and articles,airframe_and_armor_materials,0.9,,,,,0.0,False,cf_7080da9c35c85f12
CHN,8108,import,2022,866934136.3106278,108366767.03882848,Titanium and articles,airframe_and_armor_materials,0.9,835254097.2281715,41563021.31013243,3.792862457973926,0.762216943904731,0.0876,False,cf_fb4c53a2304cf273
CHN,8108,import,2023,907219341.8733453,113402417.73416814,Titanium and articles,airframe_and_armor_materials,0.9,845814110.2556568,34616238.90077095,7.259896811029552,1.7738851350578368,0.1992,False,cf_ea59b80e88747cf1
CHN,8108,import,2024,978971044.4335872,122371380.5541984,Titanium and articles,airframe_and_armor_materials,0.9,879599023.2090467,23947299.457047403,11.29742287138984,4.149612836419284,0.4339,False,cf_32f712ff25438245
CHN,8108,import,2025,993086446.4798566,124135805.80998208,Titanium and articles,airframe_and_armor_materials,0.9,917708174.2058535,56750144.47746099,8.213751864990455,1.3282481122834946,0.1575,False,cf_cead0b79d9039a84
CHN,8542,import,2020,34024928585.42455,4253116073.1780686,Integrated circuits,guidance_and_electronics,0.9,,,,,0.0,False,cf_cf8645e7d702b419
CHN,8542,import,2021,36432517183.47267,4554064647.934084,Integrated circuits,guidance_and_electronics,0.9,,,,,0.0,False,cf_22965e81895ff06b
CHN,8542,import,2022,37779241717.68285,4722405214.710357,Integrated circuits,guidance_and_electronics,0.9,35228722884.44861,1702422223.9872417,7.239884459053575,1.498170546235397,0.1715,False,cf_2d7e1f952c55b0ec
CHN,8542,import,2023,40355679721.05209,5044459965.131512,Integrated circuits,guidance_and_electronics,0.9,36078895828.86002,1901973401.6516526,11.853976664028087,2.248603418154091,0.2604,False,cf_b51e64875506f2db
CHN,8542,import,2024,41262520123.985405,5157815015.498176,Integrated circuits,guidance_and_electronics,0.9,38189146207.402534,1993443588.8898244,8.047768074969772,1.5417411025382834,0.1783,False,cf_da3b4f2c14484eca
CHN,8542,import,2025,42618921762.99175,5327365220.373969,Integrated circuits,guidance_and_electronics,0.9,39799147187.57345,1807098076.9091055,7.085012555994484,1.5603882331839454,0.1773,False,cf_3e19fa988c1f11e8
FRA,3601,import,2020,119977488.73483324,14997186.091854151,Propellant powders,propellants_and_explosives,1.0,,,,,0.0,False,cf_fb140dd47515ffd2
FRA,3601,import,2021,119363928.51298274,14920491.064122844,Propellant powders,propellants_and_explosives,1.0,,,,,0.0,False,cf_be2b86badbb7708d
FRA,3601,import,2022,118826263.81528255,14853282.97691032,Propellant powders,propellants_and_explosives,1.0,119670708.62390798,433852.5935368054,-0.7056403512068161,-1.9463864483128699,0.0,False,cf_cf0017a64831bacc
FRA,3601,import,2023,121354307.67372152,15169288.45921519,Propellant powders,propellants_and_explosives,1.0,119389227.02103285,576029.2655158988,1.645944698463018,3.4114250270404525,0.3461,False,cf_7eab961979f8bad0
FRA,3601,import,2024,126311252.84427682,15788906.605534602,Propellant powders,propellants_and_explosives,1.0,119848166.66732894,1331771.8949359162,5.392728446892245,4.852997875630102,0.4162,False,cf_ad2fe4eb0d9894f7
FRA,3601,import,2025,123855615.5494414,15481951.943680177,Propellant powders,propellants_and_explosives,1.0,122163941.44442697,3807610.1852790983,1.3847573064626277,0.44428762995611865,0.0486,False,cf_3f7d59d1c5d83780
FRA,8108,import,2020,297651653.59083974,37206456.69885497,Titanium and articles,airframe_and_armor_materials,0.9,,,,,0.0,False,cf_bd16f8aaaab03fc7
FRA,8108,import,2021,296888560.68407613,37111070.08550952,Titanium and articles,airframe_and_armor_materials,0.9,,,,,0.0,False,cf_0f2a1df91465178d
FRA,8108,import,2022,318300869.84554327,39787608.73069291,Titanium and articles,airframe_and_armor_materials,0.9,297270107.13745797,539588.1690479259,7.074630850239057,38.975581590665605,0.4212,False,cf_351d145c5cc8d206
FRA,8108,import,2023,311762004.02839893,38970250.50354987,Titanium and articles,airframe_and_armor_materials,0.9,304280361.37348634,12148109.773020327,2.4587990566138815,0.6158688713472553,0.069,False,cf_ef3317c63c7a61a3
FRA,8108,import,2024,320201604.2385626,40025200.52982032,Titanium and articles,airframe_and_armor_materials,0.9,308983811.51933944,10973172.336184619,3.63054383466333,1.0222925855481075,0.1131,False,cf_507336190ed055cb
FRA,8108,import,2025,338782754.7008989,42347844.33761236,Titanium and articles,airframe_and_armor_materials,0.9,316754826.0375016,4427121.13219598,6.954251949041924,4.9756778740930505,0.4209,False,cf_f52cab702d95e82d
IRN,2814,import,2020,58218955.09643607,7277369.387054509,Ammonia,propellants_and_explosives,0.7,,,,,0.0,False,cf_99dfb0bb71d80ff0
IRN,2814,import,2021,62379550.75230152,7797443.844037689,Ammonia,propellants_and_explosives,0.7,,,,,0.0,False,cf_b3384a74532cf957
IRN,2814,import,2022,63536655.72122507,7942081.965153133,Ammonia,propellants_and_explosives,0.7,60299252.9243688,2941985.4020377505,5.368893709042844,1.10041429662224,0.1261,False,cf_e0254c013397ed39
IRN,2814,import,2023,63549980.335574575,7943747.541946822,Ammonia,propellants_and_explosives,0.7,61378387.18998755,2796646.4457630697,3.538042045427469,0.7764989918110669,0.0883,False,cf_e61937d67d4daca5
IRN,2814,import,2024,64178395.07152346,8022299.383940432,Ammonia,propellants_and_explosives,0.7,63155395.60303372,671934.3797147272,1.619813253834793,1.5224693055950722,0.1571,False,cf_00bf73f39e746641
IRN,2814,import,2025,186117345.707418,23264668.213427253,Ammonia,propellants_and_explosives,0.7,63755010.3761077,366722.4244180892,191.92583392185566,333.66472073659907,0.9758,True,cf_6e5d6ba1560b9cad
IRN,3601,import,2020,95713044.1596466,11964130.519955823,Propellant powders,propellants_and_explosives,1.0,,,,,0.0,False,cf_f6e41e57589a7b1c
IRN,3601,import,2021,98236759.85218184,12279594.981522731,Propellant powders,propellants_and_explosives,1.0,,,,,0.0,False,cf_7b7693c3ac5d07e9
IRN,3601,import,2022,98512493.743929,12314061.717991125,Propellant powders,propellants_and_explosives,1.0,96974902.00591421,1784536.479978575,1.5855563720198596,0.8616196728201643,0.0909,False,cf_697cac5b319020fd
IRN,3601,import,2023,96264814.95041063,12033101.86880133,Propellant powders,propellants_and_explosives,1.0,97487432.58525248,1542837.6481203726,-1.2541284578119019,-0.7924473688669383,0.0,False,cf_c98cba5c77f1364a
IRN,3601,import,2024,97672078.68804891,12209009.836006114,Propellant powders,propellants_and_explosives,1.0,97671356.18217383,1225877.6334740552,0.0007397315889964981,0.0005893784627045446,0.0001,False,cf_4900b5f26be98b4c
IRN,3601,import,2025,322317859.6705614,40289732.45882017,Propellant powders,propellants_and_explosives,1.0,97483129.12746285,1135689.852927418,230.63963226818322,197.9719462699714,1.0,True,cf_d08f693aa9f61c0b
IRN,8542,import,2020,39411687.0103699,4926460.876296237,Integrated circuits,guidance_and_electronics,0.9,,,,,0.0,False,cf_c20cc37cc57a7c67
IRN,8542,import,2021,41064228.6281419,5133028.578517738,Integrated circuits,guidance_and_electronics,0.9,,,,,0.0,False,cf_bc5e839259b2ba8f
IRN,8542,import,2022,42447580.59502838,5305947.574378547,Integrated circuits,guidance_and_electronics,0.9,40237957.8192559,1168523.38411957,5.49138896585616,1.8909529803182556,0.2056,False,cf_0e2a84d2c73ac5d2
IRN,8542,import,2023,43849379.20249674,5481172.400312092,Integrated circuits,guidance_and_electronics,0.9,40974498.74451339,1519934.5556156733,7.0162675470637685,1.891450159720087,0.2102,False,cf_7d667b42f9fca11b
IRN,8542,import,2024,46358808.24247098,5794851.030308872,Integrated circuits,guidance_and_electronics,0.9,42453729.47522234,1392585.4684732954,9.198435132837494,2.8041932474922437,0.308,False,cf_a9ef20fd9de58270
IRN,8542,import,2025,47185223.873150535,5898152.984143817,Integrated circuits,guidance_and_electronics,0.9,44218589.34666536,1981580.8147657237,6.709021183890157,1.4971049903084126,0.1698,False,cf_c91eb231ac2582c1
MMR,2710,import,2020,900419700.7602189,112552462.59502736,Petroleum oils (refined),fuel_and_logistics,0.4,,,,,0.0,False,cf_fb9a052b1895652e
MMR,2710,import,2021,920052326.3414156,115006540.79267694,Petroleum oils (refined),fuel_and_logistics,0.4,,,,,0.0,False,cf_20214064c23af66c
MMR,2710,import,2022,892508259.1867645,111563532.39834556,Petroleum oils (refined),fuel_and_logistics,0.4,910236013.5508173,13882362.68096073,-1.9475997543644823,-1.27699835910251,0.0,False,cf_407241db78bd45a5
MMR,2710,import,2023,905301939.6291896,113162742.4536487,Petroleum oils (refined),fuel_and_logistics,0.4,904326762.0961329,14181599.171705905,0.10783464273426771,0.06876358027396087,0.0072,False,cf_5c90cb993042dfc4
MMR,2710,import,2024,876199588.6866572,109524948.58583216,Petroleum oils (refined),fuel_and_logistics,0.4,905954175.0524565,13783612.267490204,-3.2843368003769573,-2.158692931023457,0.0,False,cf_bae76e34c38ea5e6
MMR,2710,import,2025,893932117.2599794,111741514.65749742,Petroleum oils (refined),fuel_and_logistics,0.4,891336595.8342037,14586511.024037996,0.2911943072803483,0.17793983917732828,0.0187,False,cf_08ab0ea7441be096
USA,8108,import,2020,1200704938.3105264,150088117.2888158,Titanium and articles,airframe_and_armor_materials,0.9,,,,,0.0,False,cf_8548069b008a6762
USA,8108,import,2021,1249494714.0931094,156186839.26163867,Titanium and articles,airframe_and_armor_materials,0.9,,,,,0.0,False,cf_6e2826b8c77201c3
USA,8108,import,2022,1258946045.3150642,157368255.66438302,Titanium and articles,airframe_and_armor_materials,0.9,1225099826.201818,34499581.30843555,2.7627315251672,0.9810617355222918,0.1064,False,cf_e064b70e24d6c444
USA,8108,import,2023,1291922586.972575,161490323.37157187,Titanium and articles,airframe_and_armor_materials,0.9,1236381899.2395666,31256456.474078555,4.492195151608782,1.7769348799685307,0.1912,False,cf_f77bc81182d0a55c
USA,8108,import,2024,1267081754.790161,158385219.3487701,Titanium and articles,airframe_and_armor_materials,0.9,1266787782.1269162,22274441.102725018,0.023206149237652806,0.013197757101468201,0.0014,False,cf_8c4de35b7badd387
USA,8108,import,2025,1328167643.281349,166020955.41016862,Titanium and articles,airframe_and_armor_materials,0.9,1272650129.0259335,17179003.715133473,4.362354820794908,3.2317074479999373,0.3363,False,cf_8b1c1d010fdbf4ed
