country_code,month,gdelt_events,avg_goldstein,acled_events,acled_fatalities,goldstein_severity,event_pctile,severity_pctile,fatality_pctile,intensity_score,trend_12m
CHN,2025-01-01,233,-1.0550885128073688,,0.0,0.5527544256403685,0.5,0.5,0.4166666666666667,0.475,
CHN,2025-02-01,190,-0.8123039017356761,,0.0,0.5406151950867838,0.5,0.5,0.4166666666666667,0.475,
CHN,2025-03-01,224,-0.9645325087965758,,0.0,0.5482266254398288,0.5,0.5,0.4166666666666667,0.475,
CHN,2025-04-01,210,-1.0290476812891733,,0.0,0.5514523840644586,0.5,0.5,0.4166666666666667,0.475,
CHN,2025-05-01,240,-0.7187864693159229,,0.0,0.5359393234657961,0.5,0.5,0.4166666666666667,0.475,
CHN,2025-06-01,240,-1.1566132785476664,,0.0,0.5578306639273833,0.5,0.5,0.4166666666666667,0.475,
CHN,2025-07-01,237,-1.0297815957432086,,0.0,0.5514890797871604,0.5,0.5,0.4166666666666667,0.475,
CHN,2025-08-01,229,-1.257673585954664,,0.0,0.5628836792977332,0.5,0.5,0.4166666666666667,0.475,
CHN,2025-09-01,232,-1.1144016414231541,,0.0,0.5557200820711576,0.5,0.5,0.4166666666666667,0.475,
CHN,2025-10-01,245,-1.0910608413602616,,0.0,0.5545530420680131,0.5,0.5,0.4166666666666667,0.475,
CHN,2025-11-01,223,-0.9188273431376752,,0.0,0.5459413671568838,0.5,0.5,0.4166666666666667,0.475,
CHN,2025-12-01,227,-0.8198903349866478,,0.0,0.5409945167493324,0.5,0.5,0.4166666666666667,0.475,
CHN,2026-01-01,227,-0.7366725473547955,,0.0,0.5368336273677398,0.5,0.5,0.4166666666666667,0.475,0.0
CHN,2026-02-01,216,-0.9487391143028204,,0.0,0.5474369557151411,0.5,0.5,0.4166666666666667,0.475,0.0
CHN,2026-03-01,249,-0.9079349689838009,,0.0,0.5453967484491901,0.5,0.5,0.4166666666666667,0.475,0.0
CHN,2026-04-01,216,-0.935334821061058,,0.0,0.5467667410530529,0.5,0.5,0.4166666666666667,0.475,0.0
CHN,2026-05-01,231,-0.9261636670697315,,0.0,0.5463081833534866,0.5,0.5,0.4166666666666667,0.475,0.0
ETH,2025-01-01,1219,-7.256793282068559,11.0,118.0,0.8628396641034278,1.0,1.0,1.0,1.0,
ETH,2025-02-01,1126,-7.173090519113667,9.0,85.0,0.8586545259556834,1.0,1.0,1.0,1.0,
ETH,2025-03-01,1152,-7.031394060691406,10.0,83.0,0.8515697030345702,1.0,1.0,1.0,1.0,
ETH,2025-04-01,1188,-7.127690782249857,10.0,98.0,0.8563845391124929,1.0,1.0,1.0,1.0,
ETH,2025-05-01,1198,-7.268833362399051,11.0,100.0,0.8634416681199525,1.0,1.0,1.0,1.0,
ETH,2025-06-01,1288,-7.31785769965453,10.0,94.0,0.8658928849827265,1.0,1.0,1.0,1.0,
ETH,2025-07-01,1199,-7.13198175488667,10.0,101.0,0.8565990877443335,1.0,1.0,1.0,1.0,
ETH,2025-08-01,1200,-7.273938884066459,10.0,64.0,0.863696944203323,1.0,1.0,1.0,1.0,
ETH,2025-09-01,1238,-7.163125271854327,10.0,70.0,0.8581562635927164,1.0,1.0,1.0,1.0,
ETH,2025-10-01,1187,-7.2201983295139645,11.0,90.0,0.8610099164756981,1.0,1.0,1.0,1.0,
ETH,2025-11-01,1210,-7.147891105825803,10.0,87.0,0.8573945552912902,1.0,1.0,1.0,1.0,
ETH,2025-12-01,1329,-7.068282444781056,10.0,101.0,0.8534141222390528,1.0,1.0,1.0,1.0,
ETH,2026-01-01,1340,-7.327474469540585,10.0,94.0,0.8663737234770291,1.0,1.0,1.0,1.0,0.0
ETH,2026-02-01,1195,-7.227221054202145,10.0,77.0,0.8613610527101073,1.0,1.0,1.0,1.0,0.0
ETH,2026-03-01,1116,-7.249258137965036,10.0,71.0,0.8624629068982518,1.0,1.0,1.0,1.0,0.0
ETH,2026-04-01,1157,-7.244944665291049,10.0,93.0,0.8622472332645525,1.0,1.0,1.0,1.0,0.0
ETH,2026-05-01,1206,-7.158130473262147,10.0,84.0,0.8579065236631074,1.0,1.0,1.0,1.0,0.0
FRA,2025-01-01,88,1.3175746466921645,,0.0,0.4341212676653917,0.16666666666666666,0.16666666666666666,0.4166666666666667,0.2417,
FRA,2025-02-01,68,1.4977201160240512,,0.0,0.4251139941987974,0.16666666666666666,0.16666666666666666,0.4166666666666667,0.2417,
FRA,2025-03-01,72,1.42678927218878,,0.0,0.428660536390561,0.16666666666666666,0.16666666666666666,0.4166666666666667,0.2417,
FRA,2025-04-01,72,1.6025783991596816,,0.0,0.4198710800420159,0.16666666666666666,0.16666666666666666,0.4166666666666667,0.2417,
FRA,2025-05-01,72,1.3828223303753697,,0.0,0.4308588834812316,0.16666666666666666,0.16666666666666666,0.4166666666666667,0.2417,
FRA,2025-06-01,70,1.5841581842816352,,0.0,0.4207920907859182,0.16666666666666666,0.16666666666666666,0.4166666666666667,0.2417,
FRA,2025-07-01,87,1.4745800472330555,,0.0,0.4262709976383472,0.16666666666666666,0.16666666666666666,0.4166666666666667,0.2417,
FRA,2025-08-01,75,1.580491556263721,,0.0,0.42097542218681394,0.16666666666666666,0.16666666666666666,0.4166666666666667,0.2417,
FRA,2025-09-01,75,1.538230236141102,,0.0,0.4230884881929449,0.16666666666666666,0.16666666666666666,0.4166666666666667,0.2417,
FRA,2025-10-01,77,1.6284020622416517,,0.0,0.4185798968879174,0.16666666666666666,0.16666666666666666,0.4166666666666667,0.2417,
FRA,2025-11-01,78,1.3029694732802577,,0.0,0.43485152633598717,0.16666666666666666,0.16666666666666666,0.4166666666666667,0.2417,
FRA,2025-12-01,84,1.3231967100779352,,0.0,0.43384016449610324,0.16666666666666666,0.16666666666666666,0.4166666666666667,0.2417,
FRA,2026-01-01,65,1.4889870181416336,,0.0,0.4255506490929183,0.16666666666666666,0.16666666666666666,0.4166666666666667,0.2417,0.0
FRA,2026-02-01,68,1.526393044334302,,0.0,0.4236803477832849,0.16666666666666666,0.16666666666666666,0.4166666666666667,0.2417,0.0
FRA,2026-03-01,73,1.5425817751247777,,0.0,0.42287091124376114,0.16666666666666666,0.16666666666666666,0.4166666666666667,0.2417,0.0
FRA,2026-04-01,74,1.37127822768915,,0.0,0.4314360886155425,0.16666666666666666,0.16666666666666666,0.4166666666666667,0.2417,0.0
FRA,2026-05-01,84,1.4858974895986008,,0.0,0.42570512552006995,0.16666666666666666,0.16666666666666666,0.4166666666666667,0.2417,0.0
IRN,2025-01-01,445,-3.8335789042948782,,0.0,0.6916789452147439,0.6666666666666666,0.6666666666666666,0.4166666666666667,0.5917,
IRN,2025-02-01,405,-4.109626786706292,,0.0,0.7054813393353145,0.6666666666666666,0.6666666666666666,0.4166666666666667,0.5917,
IRN,2025-03-01,441,-4.126751234006212,,0.0,0.7063375617003106,0.6666666666666666,0.6666666666666666,0.4166666666666667,0.5917,
IRN,2025-04-01,477,-3.9949793202476376,,0.0,0.6997489660123819,0.6666666666666666,0.6666666666666666,0.4166666666666667,0.5917,
IRN,2025-05-01,450,-3.9778729831248847,,0.0,0.6988936491562442,0.6666666666666666,0.6666666666666666,0.4166666666666667,0.5917,
IRN,2025-06-01,490,-4.039167386787848,,0.0,0.7019583693393925,0.6666666666666666,0.6666666666666666,0.4166666666666667,0.5917,
IRN,2025-07-01,481,-4.098933700630052,,0.0,0.7049466850315026,0.6666666666666666,0.6666666666666666,0.4166666666666667,0.5917,
IRN,2025-08-01,445,-4.038172268322226,,0.0,0.7019086134161113,0.6666666666666666,0.6666666666666666,0.4166666666666667,0.5917,
IRN,2025-09-01,382,-4.0713787615299735,,0.0,0.7035689380764987,0.6666666666666666,0.6666666666666666,0.4166666666666667,0.5917,
IRN,2025-10-01,466,-4.108662213772573,,0.0,0.7054331106886286,0.6666666666666666,0.6666666666666666,0.4166666666666667,0.5917,
IRN,2025-11-01,478,-4.08569179018051,,0.0,0.7042845895090255,0.6666666666666666,0.6666666666666666,0.4166666666666667,0.5917,
IRN,2025-12-01,441,-3.8870856370172335,,0.0,0.6943542818508617,0.6666666666666666,0.6666666666666666,0.4166666666666667,0.5917,
IRN,2026-01-01,452,-3.883864040992887,,0.0,0.6941932020496443,0.6666666666666666,0.6666666666666666,0.4166666666666667,0.5917,0.0
IRN,2026-02-01,406,-4.009001113121427,,0.0,0.7004500556560714,0.6666666666666666,0.6666666666666666,0.4166666666666667,0.5917,0.0
IRN,2026-03-01,490,-3.977209775719028,,0.0,0.6988604887859514,0.6666666666666666,0.6666666666666666,0.4166666666666667,0.5917,0.0
IRN,2026-04-01,469,-3.893222118762192,,0.0,0.6946611059381096,0.6666666666666666,0.6666666666666666,0.4166666666666667,0.5917,0.0
IRN,2026-05-01,468,-4.029201145849826,,0.0,0.7014600572924913,0.6666666666666666,0.6666666666666666,0.4166666666666667,0.5917,0.0
MMR,2025-01-01,745,-6.441286968590884,3.0,17.0,0.8220643484295442,0.8333333333333334,0.8333333333333334,0.8333333333333334,0.8333,
MMR,2025-02-01,691,-6.5671513488432725,2.0,11.0,0.8283575674421636,0.8333333333333334,0.8333333333333334,0.8333333333333334,0.8333,
MMR,2025-03-01,750,-6.487088739870305,3.0,10.0,0.8243544369935153,0.8333333333333334,0.8333333333333334,0.8333333333333334,0.8333,
MMR,2025-04-01,756,-6.451753174031099,2.0,4.0,0.8225876587015548,0.8333333333333334,0.8333333333333334,0.8333333333333334,0.8333,
MMR,2025-05-01,859,-6.478414872744538,3.0,28.0,0.8239207436372269,0.8333333333333334,0.8333333333333334,0.8333333333333334,0.8333,
MMR,2025-06-01,754,-6.491568398418229,3.0,16.0,0.8245784199209115,0.8333333333333334,0.8333333333333334,0.8333333333333334,0.8333,
MMR,2025-07-01,756,-6.414568485990852,2.0,13.0,0.8207284242995426,0.8333333333333334,0.8333333333333334,0.8333333333333334,0.8333,
MMR,2025-08-01,721,-6.434033693318278,3.0,22.0,0.8217016846659139,0.8333333333333334,0.8333333333333334,0.8333333333333334,0.8333,
MMR,2025-09-01,770,-6.524823375312789,2.0,8.0,0.8262411687656395,0.8333333333333334,0.8333333333333334,0.8333333333333334,0.8333,
MMR,2025-10-01,689,-6.477275571333252,3.0,15.0,0.8238637785666626,0.8333333333333334,0.8333333333333334,0.8333333333333334,0.8333,
MMR,2025-11-01,704,-6.4413935211333015,2.0,10.0,0.822069676056665,0.8333333333333334,0.8333333333333334,0.8333333333333334,0.8333,
MMR,2025-12-01,817,-6.431791797243284,3.0,12.0,0.8215895898621642,0.8333333333333334,0.8333333333333334,0.8333333333333334,0.8333,
MMR,2026-01-01,786,-6.460647296871643,2.0,13.0,0.8230323648435821,0.8333333333333334,0.8333333333333334,0.8333333333333334,0.8333,0.0
MMR,2026-02-01,671,-6.512402829376822,3.0,16.0,0.8256201414688411,0.8333333333333334,0.8333333333333334,0.8333333333333334,0.8333,0.0
MMR,2026-03-01,724,-6.525921686221762,2.0,20.0,0.8262960843110883,0.8333333333333334,0.8333333333333334,0.8333333333333334,0.8333,0.0
MMR,2026-04-01,757,-6.52947226927039,3.0,13.0,0.8264736134635194,0.8333333333333334,0.8333333333333334,0.8333333333333334,0.8333,0.0
MMR,2026-05-01,753,-6.498571944365927,2.0,9.0,0.8249285972182964,0.8333333333333334,0.8333333333333334,0.8333333333333334,0.8333,0.0
USA,2025-01-01,166,0.6243695638478856,,0.0,0.46878152180760574,0.3333333333333333,0.3333333333333333,0.4166666666666667,0.3583,
USA,2025-02-01,162,0.5394616984530151,,0.0,0.47302691507734923,0.3333333333333333,0.3333333333333333,0.4166666666666667,0.3583,
USA,2025-03-01,178,0.5245943078038283,,0.0,0.4737702846098085,0.3333333333333333,0.3333333333333333,0.4166666666666667,0.3583,
USA,2025-04-01,155,0.4428047289730791,,0.0,0.477859763551346,0.3333333333333333,0.3333333333333333,0.4166666666666667,0.3583,
USA,2025-05-01,171,0.568577621103736,,0.0,0.4715711189448132,0.3333333333333333,0.3333333333333333,0.4166666666666667,0.3583,
USA,2025-06-01,177,0.5766738073253322,,0.0,0.4711663096337334,0.3333333333333333,0.3333333333333333,0.4166666666666667,0.3583,
USA,2025-07-01,161,0.45657877131730296,,0.0,0.4771710614341348,0.3333333333333333,0.3333333333333333,0.4166666666666667,0.3583,
USA,2025-08-01,190,0.4510105217965731,,0.0,0.4774494739101714,0.3333333333333333,0.3333333333333333,0.4166666666666667,0.3583,
USA,2025-09-01,162,0.2949986923118645,,0.0,0.4852500653844068,0.3333333333333333,0.3333333333333333,0.4166666666666667,0.3583,
USA,2025-10-01,186,0.43106821707358844,,0.0,0.47844658914632054,0.3333333333333333,0.3333333333333333,0.4166666666666667,0.3583,
USA,2025-11-01,160,0.5408934341875321,,0.0,0.47295532829062337,0.3333333333333333,0.3333333333333333,0.4166666666666667,0.3583,
USA,2025-12-01,177,0.6138093513661572,,0.0,0.46930953243169216,0.3333333333333333,0.3333333333333333,0.4166666666666667,0.3583,
USA,2026-01-01,183,0.4694820640100617,,0.0,0.47652589679949686,0.3333333333333333,0.3333333333333333,0.4166666666666667,0.3583,0.0
USA,2026-02-01,124,0.5876405721626767,,0.0,0.4706179713918662,0.3333333333333333,0.3333333333333333,0.4166666666666667,0.3583,0.0
USA,2026-03-01,175,0.4723552414664362,,0.0,0.47638223792667816,0.3333333333333333,0.3333333333333333,0.4166666666666667,0.3583,0.0
USA,2026-04-01,166,0.4579919805044288,,0.0,0.4771004009747785,0.3333333333333333,0.3333333333333333,0.4166666666666667,0.3583,0.0
USA,2026-05-01,152,0.5515998509061403,,0.0,0.47242000745469304,0.3333333333333333,0.3333333333333333,0.4166666666666667,0.3583,0.0
