country_code,year,sipri_milex_usd,sipri_milex_pct_gdp,gdp_usd,wb_milex_pct_gdp,population,gdp_growth_pct,wb_milex_usd_implied,sipri_wb_discrepancy_pct,declared_yoy_change_pct,declared_cagr_5y_pct,budget_credibility_flag
CHN,2020,240000000000.0,1.7,18500000000000.0,1.7,50000000.0,2.5,314500000000.0,23.68839427662957,,,True
CHN,2021,252000000000.0,1.7,18870000000000.0,1.7,50000000.0,2.5,320790000000.0,21.443935284765733,5.0,,True
CHN,2022,265000000000.0,1.6,19247400000000.0,1.7,50000000.0,2.5,327205800000.0,19.011215571362122,5.158730158730158,,True
CHN,2023,278000000000.0,1.7,19632348000000.004,1.7,50000000.0,2.5,333749916000.00006,16.70409888582565,4.905660377358491,,True
CHN,2024,292000000000.0,1.7,20024994960000.0,1.7,50000000.0,2.5,340424914320.0,14.224844387999317,5.0359712230215825,,False
CHN,2025,307000000000.0,1.7,20425494859200.0,1.7,50000000.0,2.5,347233412606.4,11.586849406109964,5.136986301369863,5.0474287799875395,False
ETH,2020,460000000.0,0.5,160000000000.0,0.8,50000000.0,2.5,1280000000.0,64.0625,,,True
ETH,2021,500000000.0,0.5,163200000000.0,0.8,50000000.0,2.5,1305600000.0,61.70343137254902,8.695652173913043,,True
ETH,2022,1000000000.0,0.8,166464000000.0,0.8,50000000.0,2.5,1331712000.0,24.908688965782392,100.0,,True
ETH,2023,1100000000.0,0.8,169793280000.00003,0.8,50000000.0,2.5,1358346240.0000002,19.019174374863375,10.0,,True
ETH,2024,1200000000.0,0.8,173189145600.0,0.8,50000000.0,2.5,1385513164.8,13.38949131001429,9.090909090909092,,False
ETH,2025,1300000000.0,0.8,176652928512.0,0.8,50000000.0,2.5,1413223428.096,8.011714626649164,8.333333333333332,23.094062241259007,False
FRA,2020,52000000000.0,2.0,3100000000000.0,2.0,50000000.0,2.5,62000000000.0,16.129032258064516,,,True
FRA,2021,53000000000.0,1.9,3162000000000.0,2.0,50000000.0,2.5,63240000000.0,16.192283364958886,1.9230769230769231,,True
FRA,2022,53500000000.0,1.9,3225240000000.0,2.0,50000000.0,2.5,64504800000.0,17.06043581252868,0.9433962264150944,,True
FRA,2023,56000000000.0,2.0,3289744800000.0005,2.0,50000000.0,2.5,65794896000.00001,14.887014944137928,4.672897196261682,,False
FRA,2024,61000000000.0,2.1,3355539696000.0,2.0,50000000.0,2.5,67110793920.0,9.105530665133278,8.928571428571429,,False
FRA,2025,64000000000.0,2.1,3422650489920.0,2.0,50000000.0,2.5,68453009798.4,6.50520672723449,4.918032786885246,4.24022162772979,False
IRN,2020,10000000000.0,2.5,400000000000.0,4.0,50000000.0,2.5,16000000000.0,37.5,,,True
IRN,2021,10200000000.0,2.4,408000000000.0,4.0,50000000.0,2.5,16320000000.0,37.5,2.0,,True
IRN,2022,10100000000.0,2.3,416160000000.0,4.0,50000000.0,2.5,16646400000.0,39.32622068435217,-0.9803921568627451,,True
IRN,2023,10300000000.0,2.2,424483200000.00006,4.0,50000000.0,2.5,16979328000.000002,39.33799971353402,1.9801980198019802,,True
IRN,2024,10200000000.0,2.1,432972864000.0,4.0,50000000.0,2.5,17318914560.0,41.10485409080972,-0.9708737864077669,,True
IRN,2025,10400000000.0,2.1,441632321280.0,4.0,50000000.0,2.5,17665292851.2,41.12749736105547,1.9607843137254901,0.7874988517892145,True
MMR,2020,2100000000.0,3.0,65000000000.0,3.1,50000000.0,2.5,2015000000.0,4.218362282878412,,,False
MMR,2021,2000000000.0,2.9,66300000000.0,3.1,50000000.0,2.5,2055300000.0,2.6906047778913056,-4.761904761904762,,False
MMR,2022,1900000000.0,2.9,67626000000.0,3.1,50000000.0,2.5,2096406000.0,9.368700528428176,-5.0,,False
MMR,2023,1950000000.0,3.0,68978520000.00002,3.1,50000000.0,2.5,2138334120.0000007,8.80751601157637,2.631578947368421,,False
MMR,2024,2000000000.0,3.0,70358090400.0,3.1,50000000.0,2.5,2181100802.4,8.30318352094152,2.564102564102564,,False
MMR,2025,2050000000.0,3.0,71765252208.0,3.1,50000000.0,2.5,2224722818.448,7.853689322514758,2.5,-0.4807915111185057,False
RUS,2020,61000000000.0,4.1,2000000000000.0,6.5,50000000.0,2.5,130000000000.0,53.07692307692308,,,True
RUS,2021,63000000000.0,4.1,2040000000000.0,6.5,50000000.0,2.5,132600000000.0,52.488687782805435,3.278688524590164,,True
RUS,2022,75000000000.0,4.7,2080800000000.0,6.5,50000000.0,2.5,135252000000.0,44.54795492857777,19.047619047619047,,True
RUS,2023,94000000000.0,5.9,2122416000000.0,6.5,50000000.0,2.5,137957040000.0,31.862846578906012,25.333333333333336,,True
RUS,2024,109000000000.0,6.7,2164864320000.0,6.5,50000000.0,2.5,140716180800.0,22.53911427931535,15.957446808510639,,True
RUS,2025,120000000000.0,7.1,2208161606400.0,6.5,50000000.0,2.5,143530504416.0,16.394079092623148,10.091743119266056,14.490718859105467,True
USA,2020,778000000000.0,3.7,28000000000000.0,3.4,50000000.0,2.5,952000000000.0,18.277310924369747,,,True
USA,2021,800000000000.0,3.5,28560000000000.0,3.4,50000000.0,2.5,971040000000.0,17.61410446531554,2.827763496143959,,True
USA,2022,812000000000.0,3.3,29131200000000.0,3.4,50000000.0,2.5,990460800000.0,18.017956894407128,1.5,,True
USA,2023,860000000000.0,3.4,29713824000000.004,3.4,50000000.0,2.5,1010270016000.0001,14.874242887556916,5.911330049261084,,False
USA,2024,886000000000.0,3.4,30308100480000.0,3.4,50000000.0,2.5,1030475416320.0,14.020268124002982,3.0232558139534884,,False
USA,2025,905000000000.0,3.4,30914262489600.0,3.4,50000000.0,2.5,1051084924646.4,13.898489191588878,2.144469525959368,3.0703608325914455,False
