contract_id,source,recipient_name,recipient_country,awarding_agency,award_date,total_value_usd,description_raw_text,naics_code,psc_code,primary_capability_domain,threat_relevance_score,capability_maturity_stage
usa_d794e91e1b5c966f,usaspending,Lockheed Martin Corp.,USA,Department of Defense,2024-08-15,12000000.0,Hypersonic glide vehicle thermal protection system development and flight test instrumentation,336414,AC13,hypersonics,0.9,development
usa_9b726a5185e70dd5,usaspending,Raytheon Co.,USA,Department of Defense,2025-02-10,15000000.0,Scramjet propulsion test article fabrication and ground demonstration for high-speed strike weapon prototype,336414,AC13,hypersonics,0.9,development
usa_f01478cdadb86440,usaspending,Lockheed Martin Corp.,USA,Department of Defense,2025-06-20,45000000.0,Hypersonic glide vehicle thermal protection system development and flight test instrumentation,336414,AC13,hypersonics,0.9,development
usa_44e68c7b220ca000,usaspending,Raytheon Co.,USA,Department of Defense,2025-08-05,50000000.0,Scramjet propulsion test article fabrication and ground demonstration for high-speed strike weapon prototype,336414,AC13,hypersonics,0.9,development
usa_2d6f06d318153b6c,usaspending,Northrop Grumman Corp.,USA,Department of Defense,2025-09-18,55000000.0,Boost-glide hypersonic weapon system integration engineering and manufacturing development,336414,AC13,hypersonics,0.9,development
usa_43c27c437a3557b5,usaspending,Lockheed Martin Corp.,USA,Department of Defense,2025-11-02,60000000.0,Mach 5+ aeroshell materials qualification testing and prototype demonstration support,336414,AC13,hypersonics,0.9,development
usa_dde835403ef191a7,usaspending,Raytheon Co.,USA,Department of Defense,2025-12-15,65000000.0,Hypersonic glide vehicle thermal protection system development and flight test instrumentation,336414,AC13,hypersonics,0.9,development
usa_a10592f5bb7fcde9,usaspending,Northrop Grumman Corp.,USA,Department of Defense,2026-02-01,70000000.0,Scramjet propulsion test article fabrication and ground demonstration for high-speed strike weapon prototype,336414,AC13,hypersonics,0.9,development
usa_47237d20bd24b451,usaspending,Lockheed Martin Corp.,USA,Department of Defense,2026-03-22,75000000.0,Boost-glide hypersonic weapon system integration engineering and manufacturing development,336414,AC13,hypersonics,0.9,development
usa_ea13f839fcaf1a32,usaspending,Raytheon Co.,USA,Department of Defense,2026-05-10,80000000.0,Mach 5+ aeroshell materials qualification testing and prototype demonstration support,336414,AC13,hypersonics,0.9,development
usa_61d12552e29f8cee,usaspending,Leidos Inc.,USA,Department of Defense,2025-03-12,3000000.0,Cybersecurity operations support including zero trust architecture implementation and security operations center staffing,541512,AC13,cyber_defense,0.9,unknown
usa_a34c556a856a2528,usaspending,Leidos Inc.,USA,Department of Defense,2025-04-12,3000000.0,Biosurveillance and medical countermeasure research for biological threat agents,541714,AC13,biodefense,0.9,unknown
usa_d5df9c99efc37317,usaspending,Leidos Inc.,USA,Department of Defense,2025-05-12,3000000.0,Janitorial and grounds maintenance services for installation buildings,561720,AC13,hypersonics,0.5,sustainment
usa_f238ebfa8f5f04d8,usaspending,Leidos Inc.,USA,Department of Defense,2025-06-12,3000000.0,Unmanned aircraft system counter-UAS radar integration and electronic warfare countermeasures development,334511,AC13,autonomous_systems_air,0.9,development
usa_674914ad3f62931e,usaspending,Aviacon Zitotrans JSC,USA,Department of Defense,2025-07-30,8000000.0,Air charter and heavy cargo transportation services for contingency logistics,481212,AC13,logistics_supply_chain,0.7,unknown
dod_sample_0001,dod,General Dynamics Electric Boat Corp.,USA,Navy,2026-05-28,517255000.0,"General Dynamics Electric Boat Corp., Groton, Connecticut, is awarded a $517,255,000 modification for Virginia-class submarine lead yard support, undersea warfare systems engineering and towed array sonar integration. Naval Sea Systems Command is the contracting activity.",,,submarine,0.6,unknown
dod_sample_0002,dod,Raytheon Co.,USA,Air Force,2026-06-02,96000000.0,"Raytheon Co., Tucson, Arizona, has been awarded a $96,000,000 contract for production of hypersonic attack cruise missile test articles and scramjet propulsion hardware. The Air Force Life Cycle Management Center is the contracting activity.",,,hypersonics,0.4,production
