country_code,domain,year,material_signal,milex_usd,contract_spend,declared_signal,material_pctile,declared_pctile,underdeclaration_score,overdeclaration_score,credibility_score
CHN,airframe_and_armor_materials,2020,725278142.7118583,240000000000.0,0.0,240000000000.0,0.6666666666666666,0.6666666666666666,0.0,-0.0,100.0
CHN,airframe_and_armor_materials,2021,778179232.2988504,252000000000.0,0.0,252000000000.0,0.6666666666666666,0.6666666666666666,0.0,-0.0,100.0
CHN,airframe_and_armor_materials,2022,848589809.9862949,265000000000.0,0.0,265000000000.0,0.6666666666666666,0.6666666666666666,0.0,-0.0,100.0
CHN,airframe_and_armor_materials,2023,979143691.2970641,278000000000.0,0.0,278000000000.0,0.6666666666666666,0.6666666666666666,0.0,-0.0,100.0
CHN,airframe_and_armor_materials,2024,1263371922.5519886,292000000000.0,0.0,292000000000.0,1.0,0.6666666666666666,33.33,0.0,66.67
CHN,airframe_and_armor_materials,2025,1034547805.6203905,307000000000.0,0.0,307000000000.0,0.6666666666666666,0.6666666666666666,0.0,-0.0,100.0
CHN,guidance_and_electronics,2020,30622435726.882095,240000000000.0,0.0,240000000000.0,1.0,1.0,0.0,-0.0,100.0
CHN,guidance_and_electronics,2021,32789265465.125404,252000000000.0,0.0,252000000000.0,1.0,1.0,0.0,-0.0,100.0
CHN,guidance_and_electronics,2022,39832543505.03892,265000000000.0,0.0,265000000000.0,1.0,1.0,0.0,-0.0,100.0
CHN,guidance_and_electronics,2023,45777868848.37265,278000000000.0,0.0,278000000000.0,1.0,1.0,0.0,-0.0,100.0
CHN,guidance_and_electronics,2024,43757664715.882805,292000000000.0,0.0,292000000000.0,1.0,1.0,0.0,-0.0,100.0
CHN,guidance_and_electronics,2025,45157730932.41318,307000000000.0,0.0,307000000000.0,1.0,1.0,0.0,-0.0,100.0
FRA,airframe_and_armor_materials,2020,267886488.23175576,52000000000.0,0.0,52000000000.0,0.3333333333333333,0.3333333333333333,0.0,-0.0,100.0
FRA,airframe_and_armor_materials,2021,267199704.61566854,53000000000.0,0.0,53000000000.0,0.3333333333333333,0.3333333333333333,0.0,-0.0,100.0
FRA,airframe_and_armor_materials,2022,407132276.60203755,53500000000.0,0.0,53500000000.0,0.3333333333333333,0.3333333333333333,0.0,-0.0,100.0
FRA,airframe_and_armor_materials,2023,299946224.0757226,56000000000.0,0.0,56000000000.0,0.3333333333333333,0.3333333333333333,0.0,-0.0,100.0
FRA,airframe_and_armor_materials,2024,320774765.1101496,61000000000.0,0.0,61000000000.0,0.3333333333333333,0.3333333333333333,0.0,-0.0,100.0
FRA,airframe_and_armor_materials,2025,433238774.5390566,64000000000.0,0.0,64000000000.0,0.3333333333333333,0.3333333333333333,0.0,-0.0,100.0
FRA,propellants_and_explosives,2020,119977488.73483324,52000000000.0,0.0,52000000000.0,0.5,1.0,0.0,50.0,50.0
FRA,propellants_and_explosives,2021,119363928.51298274,53000000000.0,0.0,53000000000.0,0.5,1.0,0.0,50.0,50.0
FRA,propellants_and_explosives,2022,118826263.81528255,53500000000.0,0.0,53500000000.0,0.5,1.0,0.0,50.0,50.0
FRA,propellants_and_explosives,2023,163355033.55959654,56000000000.0,0.0,56000000000.0,1.0,1.0,0.0,-0.0,100.0
FRA,propellants_and_explosives,2024,178881996.27806482,61000000000.0,0.0,61000000000.0,1.0,1.0,0.0,-0.0,100.0
FRA,propellants_and_explosives,2025,129874998.46514425,64000000000.0,0.0,64000000000.0,0.5,1.0,0.0,50.0,50.0
IRN,guidance_and_electronics,2020,35470518.30933291,10000000000.0,0.0,10000000000.0,0.5,0.5,0.0,-0.0,100.0
IRN,guidance_and_electronics,2021,36957805.765327714,10200000000.0,0.0,10200000000.0,0.5,0.5,0.0,-0.0,100.0
IRN,guidance_and_electronics,2022,46057322.84882959,10100000000.0,0.0,10100000000.0,0.5,0.5,0.0,-0.0,100.0
IRN,guidance_and_electronics,2023,47759866.8397754,10300000000.0,0.0,10300000000.0,0.5,0.5,0.0,-0.0,100.0
IRN,guidance_and_electronics,2024,54573589.06303684,10200000000.0,0.0,10200000000.0,0.5,0.5,0.0,-0.0,100.0
IRN,guidance_and_electronics,2025,49677547.39813035,10400000000.0,0.0,10400000000.0,0.5,0.5,0.0,-0.0,100.0
IRN,propellants_and_explosives,2020,136466312.72715184,10000000000.0,0.0,10000000000.0,1.0,0.5,50.0,0.0,50.0
IRN,propellants_and_explosives,2021,141902445.37879288,10200000000.0,0.0,10200000000.0,1.0,0.5,50.0,0.0,50.0
IRN,propellants_and_explosives,2022,157551319.03062224,10100000000.0,0.0,10100000000.0,1.0,0.5,50.0,0.0,50.0
IRN,propellants_and_explosives,2023,144677825.4698547,10300000000.0,0.0,10300000000.0,0.5,0.5,0.0,-0.0,100.0
IRN,propellants_and_explosives,2024,149664420.55199957,10200000000.0,0.0,10200000000.0,0.5,0.5,0.0,-0.0,100.0
IRN,propellants_and_explosives,2025,902047175.4952242,10400000000.0,0.0,10400000000.0,1.0,0.5,50.0,0.0,50.0
MMR,fuel_and_logistics,2020,360167880.3040876,2100000000.0,0.0,2100000000.0,1.0,1.0,0.0,-0.0,100.0
MMR,fuel_and_logistics,2021,368020930.53656626,2000000000.0,0.0,2000000000.0,1.0,1.0,0.0,-0.0,100.0
MMR,fuel_and_logistics,2022,357003303.6747058,1900000000.0,0.0,1900000000.0,1.0,1.0,0.0,-0.0,100.0
MMR,fuel_and_logistics,2023,364728045.437808,1950000000.0,0.0,1950000000.0,1.0,1.0,0.0,-0.0,100.0
MMR,fuel_and_logistics,2024,350479835.4746629,2000000000.0,0.0,2000000000.0,1.0,1.0,0.0,-0.0,100.0
MMR,fuel_and_logistics,2025,364259459.14109635,2050000000.0,0.0,2050000000.0,1.0,1.0,0.0,-0.0,100.0
USA,airframe_and_armor_materials,2020,1080634444.4794738,778000000000.0,0.0,778000000000.0,1.0,1.0,0.0,-0.0,100.0
USA,airframe_and_armor_materials,2021,1124545242.6837986,800000000000.0,0.0,800000000000.0,1.0,1.0,0.0,-0.0,100.0
USA,airframe_and_armor_materials,2022,1253608114.0829284,812000000000.0,0.0,812000000000.0,1.0,1.0,0.0,-0.0,100.0
USA,airframe_and_armor_materials,2023,1385044367.0415583,860000000000.0,0.0,860000000000.0,1.0,1.0,0.0,-0.0,100.0
USA,airframe_and_armor_materials,2024,1141970102.3221805,886000000000.0,0.0,886000000000.0,0.6666666666666666,1.0,0.0,33.33,66.67
USA,airframe_and_armor_materials,2025,1597347379.54518,905000000000.0,0.0,905000000000.0,1.0,1.0,0.0,-0.0,100.0
