signal_id,signal_type,country_code,domain,signal_strength,confidence_score,description_text,supporting_evidence,window_end,created_at,reviewed,analyst_notes
sig_9fec0b0ac0aae63d,material_anomaly,IRN,propellants_and_explosives,0.9758,0.753,"Commodity import of HS 2814 (Ammonia) by IRN is 192% above its 3-year baseline in 2025, suggesting accelerated propellants_and_explosives production activity",cf_6e5d6ba1560b9cad,2025,2026-06-10T17:47:59.930298,False,
sig_8ff51e8e5a79c4a8,procurement_acceleration,USA,hypersonics,0.85,0.85,"Contract awards in the hypersonics domain for USA accelerated 200% year-over-year (9 awards, $596,000,000 in the last 12 months)",accel:USA:hypersonics,2026-06-02,2026-06-10T17:47:59.930298,False,
sig_eae30a3661b9cafe,budget_discrepancy,CHN,defense_general,0.167,0.7,Declared defense budget of CHN is inconsistent across independent compilations: SIPRI figure is 17% below the World Bank-implied figure for 2023,budget:CHN:2023,2023,2026-06-10T17:47:59.930298,False,
sig_f375ac9d3cd443f3,budget_discrepancy,ETH,defense_general,0.1902,0.7,Declared defense budget of ETH is inconsistent across independent compilations: SIPRI figure is 19% below the World Bank-implied figure for 2023,budget:ETH:2023,2023,2026-06-10T17:47:59.930298,False,
sig_f077a777a7a30efd,budget_discrepancy,FRA,defense_general,0.1706,0.7,Declared defense budget of FRA is inconsistent across independent compilations: SIPRI figure is 17% below the World Bank-implied figure for 2022,budget:FRA:2022,2022,2026-06-10T17:47:59.930298,False,
sig_463b0f61e2764352,budget_discrepancy,IRN,defense_general,0.4113,0.7,Declared defense budget of IRN is inconsistent across independent compilations: SIPRI figure is 41% below the World Bank-implied figure for 2025,budget:IRN:2025,2025,2026-06-10T17:47:59.930298,False,
sig_4417ab76f999e8d9,budget_discrepancy,RUS,defense_general,0.1639,0.7,Declared defense budget of RUS is inconsistent across independent compilations: SIPRI figure is 16% below the World Bank-implied figure for 2025,budget:RUS:2025,2025,2026-06-10T17:47:59.930298,False,
sig_f62c01eccf1a5580,budget_discrepancy,USA,defense_general,0.1802,0.7,Declared defense budget of USA is inconsistent across independent compilations: SIPRI figure is 18% below the World Bank-implied figure for 2022,budget:USA:2022,2022,2026-06-10T17:47:59.930298,False,
sig_0cc6032de341365d,arms_transfer_spike,MMR,arms_direct,1.0,0.55,Arms transfers received by MMR spiked 907% above the 3-year rolling average in 2025 — dominated by FGA aircraft,arms:MMR:2025,2025,2026-06-10T17:47:59.930298,False,
sig_a4a1c5410102ecbc,compound_signal,IRN,propellants_and_explosives,1.0,0.8843,"COMPOUND SIGNAL: 2 independent indicator types (budget_discrepancy, material_anomaly) converge on propellants_and_explosives capability development in IRN",sig_9fec0b0ac0aae63d|sig_9fec0b0ac0aae63d|sig_463b0f61e2764352,2025,2026-06-10T17:47:59.930298,False,
sig_71200d52ebb1bb56,compound_signal,USA,hypersonics,0.5871,0.875,"COMPOUND SIGNAL: 2 independent indicator types (budget_discrepancy, procurement_acceleration) converge on hypersonics capability development in USA",sig_8ff51e8e5a79c4a8|sig_f62c01eccf1a5580,2026-06-02,2026-06-10T17:47:59.930298,False,
