reporter_iso3,reporter_m49,reporter_desc,partner_m49,partner_desc,hs_code,commodity_description,flow_code,trade_value_usd,net_weight_kg,year,month,checkpoint_key
IRN,364,Iran,0,World,3601,Propellant powders,M,95713044.1596466,11964130.519955825,2020,52,IRN:2020
IRN,364,Iran,0,World,3601,Propellant powders,M,98236759.85218185,12279594.981522731,2021,52,IRN:2021
IRN,364,Iran,0,World,3601,Propellant powders,M,98512493.743929,12314061.717991125,2022,52,IRN:2022
IRN,364,Iran,0,World,3601,Propellant powders,M,96264814.95041063,12033101.86880133,2023,52,IRN:2023
IRN,364,Iran,0,World,3601,Propellant powders,M,97672078.68804891,12209009.836006114,2024,52,IRN:2024
IRN,364,Iran,0,World,3601,Propellant powders,M,322317859.6705614,40289732.45882017,2025,52,IRN:2025
IRN,364,Iran,0,World,2814,Ammonia,M,58218955.09643607,7277369.387054509,2020,52,IRN:2020
IRN,364,Iran,0,World,2814,Ammonia,M,62379550.752301514,7797443.844037689,2021,52,IRN:2021
IRN,364,Iran,0,World,2814,Ammonia,M,63536655.72122507,7942081.9651531335,2022,52,IRN:2022
IRN,364,Iran,0,World,2814,Ammonia,M,63549980.335574575,7943747.541946822,2023,52,IRN:2023
IRN,364,Iran,0,World,2814,Ammonia,M,64178395.07152346,8022299.383940432,2024,52,IRN:2024
IRN,364,Iran,0,World,2814,Ammonia,M,186117345.70741802,23264668.213427253,2025,52,IRN:2025
IRN,364,Iran,0,World,8542,Integrated circuits,M,39411687.0103699,4926460.876296237,2020,52,IRN:2020
IRN,364,Iran,0,World,8542,Integrated circuits,M,41064228.6281419,5133028.578517738,2021,52,IRN:2021
IRN,364,Iran,0,World,8542,Integrated circuits,M,42447580.59502838,5305947.574378547,2022,52,IRN:2022
IRN,364,Iran,0,World,8542,Integrated circuits,M,43849379.20249674,5481172.400312092,2023,52,IRN:2023
IRN,364,Iran,0,World,8542,Integrated circuits,M,46358808.24247098,5794851.030308872,2024,52,IRN:2024
IRN,364,Iran,0,World,8542,Integrated circuits,M,47185223.873150535,5898152.984143817,2025,52,IRN:2025
CHN,156,China,0,World,8108,Titanium and articles,M,805864603.0131758,100733075.37664698,2020,52,CHN:2020
CHN,156,China,0,World,8108,Titanium and articles,M,864643591.4431671,108080448.93039589,2021,52,CHN:2021
CHN,156,China,0,World,8108,Titanium and articles,M,866934136.3106278,108366767.03882848,2022,52,CHN:2022
CHN,156,China,0,World,8108,Titanium and articles,M,907219341.8733451,113402417.73416814,2023,52,CHN:2023
CHN,156,China,0,World,8108,Titanium and articles,M,978971044.4335873,122371380.55419841,2024,52,CHN:2024
CHN,156,China,0,World,8108,Titanium and articles,M,993086446.4798566,124135805.80998208,2025,52,CHN:2025
CHN,156,China,0,World,8542,Integrated circuits,M,34024928585.42455,4253116073.1780686,2020,52,CHN:2020
CHN,156,China,0,World,8542,Integrated circuits,M,36432517183.47267,4554064647.934084,2021,52,CHN:2021
CHN,156,China,0,World,8542,Integrated circuits,M,37779241717.68285,4722405214.710357,2022,52,CHN:2022
CHN,156,China,0,World,8542,Integrated circuits,M,40355679721.05209,5044459965.131512,2023,52,CHN:2023
CHN,156,China,0,World,8542,Integrated circuits,M,41262520123.985405,5157815015.498176,2024,52,CHN:2024
CHN,156,China,0,World,8542,Integrated circuits,M,42618921762.99175,5327365220.373969,2025,52,CHN:2025
FRA,250,France,0,World,3601,Propellant powders,M,119977488.73483323,14997186.091854153,2020,52,FRA:2020
FRA,250,France,0,World,3601,Propellant powders,M,119363928.51298274,14920491.064122843,2021,52,FRA:2021
FRA,250,France,0,World,3601,Propellant powders,M,118826263.81528255,14853282.97691032,2022,52,FRA:2022
FRA,250,France,0,World,3601,Propellant powders,M,121354307.67372152,15169288.45921519,2023,52,FRA:2023
FRA,250,France,0,World,3601,Propellant powders,M,126311252.84427682,15788906.605534602,2024,52,FRA:2024
FRA,250,France,0,World,3601,Propellant powders,M,123855615.5494414,15481951.943680175,2025,52,FRA:2025
FRA,250,France,0,World,8108,Titanium and articles,M,297651653.59083974,37206456.69885497,2020,52,FRA:2020
FRA,250,France,0,World,8108,Titanium and articles,M,296888560.68407613,37111070.08550952,2021,52,FRA:2021
FRA,250,France,0,World,8108,Titanium and articles,M,318300869.84554327,39787608.73069291,2022,52,FRA:2022
FRA,250,France,0,World,8108,Titanium and articles,M,311762004.02839893,38970250.50354987,2023,52,FRA:2023
FRA,250,France,0,World,8108,Titanium and articles,M,320201604.2385626,40025200.52982032,2024,52,FRA:2024
FRA,250,France,0,World,8108,Titanium and articles,M,338782754.7008989,42347844.33761236,2025,52,FRA:2025
USA,840,United States,0,World,8108,Titanium and articles,M,1200704938.3105264,150088117.2888158,2020,52,USA:2020
USA,840,United States,0,World,8108,Titanium and articles,M,1249494714.0931094,156186839.26163867,2021,52,USA:2021
USA,840,United States,0,World,8108,Titanium and articles,M,1258946045.3150642,157368255.66438302,2022,52,USA:2022
USA,840,United States,0,World,8108,Titanium and articles,M,1291922586.972575,161490323.37157187,2023,52,USA:2023
USA,840,United States,0,World,8108,Titanium and articles,M,1267081754.790161,158385219.3487701,2024,52,USA:2024
USA,840,United States,0,World,8108,Titanium and articles,M,1328167643.281349,166020955.41016862,2025,52,USA:2025
MMR,104,Myanmar,0,World,2710,Petroleum oils,M,900419700.7602189,112552462.59502736,2020,52,MMR:2020
MMR,104,Myanmar,0,World,2710,Petroleum oils,M,920052326.3414155,115006540.79267694,2021,52,MMR:2021
MMR,104,Myanmar,0,World,2710,Petroleum oils,M,892508259.1867645,111563532.39834556,2022,52,MMR:2022
MMR,104,Myanmar,0,World,2710,Petroleum oils,M,905301939.6291896,113162742.4536487,2023,52,MMR:2023
MMR,104,Myanmar,0,World,2710,Petroleum oils,M,876199588.6866572,109524948.58583215,2024,52,MMR:2024
MMR,104,Myanmar,0,World,2710,Petroleum oils,M,893932117.2599794,111741514.65749742,2025,52,MMR:2025
